marca,modelo,motor,year,aceite,aire,combustible,otros
ACURA,CL,"4cil, 2.2 Lt F/inj V TEC ",1997,BLS260,,,
ACURA,CL,"4cil, 2.2 Lt F/inj V TEC ",98-1999,BLS260,,,
ACURA,CL,"CL4cil, 2.2 Lt F/inj V ",2000,BLS260,,,
ACURA,CL,"4cil, V6  3.0 Lt F/inj V TEC",1997-1999,BLS260,,,
ACURA,CL,"4cil, V6  3.0 Lt F/inj V",2000,BLS260,,,
ACURA,EL ( Canada), 4cil  3.0Lt F/ inj ,1997,BLS260,,,
ACURA,INTEGRA,4 cil  1.6Lt  F/ inj,1986-1987,BLS260,,,
ACURA,INTEGRA,4cil  1.6Lt F/inj,1988-1989,BLS260,,,
ACURA,INTEGRA,4cil 1.7Lt  F/ inj,1993,BLS260,,,
ACURA,INTEGRA,4cil  1.8Lt  F/ inj,1990-1993,BLS260,,,
ACURA,INTEGRA,4cil  1.8Lt  F/ inj,1994-2000,BLS260,,,
ACURA,INTEGRA,4cil  1.8Lt  F/ inj  V-TEC,1994-2000,BLS260,,,
ACURA,RL,V6  3.5Lt ,1996-2000,BLS260,,,
ACURA,TL,5cil  F/ inj ,1995-1998,BLS260,,,
ACURA,TL,V6  3.2Lt  F/ inj ,1999-2000,BLS260,,,
ACURA,VIGOR,5 cil  2.5Lt ,1992-1994,BLS260,,,
ALFA ROMEO,155,V6 Gasolina,1994,BLS16,,,
ALFA ROMEO,164,V6  3.0Lt F/ Inj,1991-1993,BLS27,,,
ALFA ROMEO,164,V6  3.0Lt  F/ Inj,1994-1995,BLS11,,,
ALFA ROMEO,155 SPORT,V6 TEM ,1996,BLS16,,,
ALFA ROMEO,ALFETTA,4 cil  2.0 Lt ,1977-1980,BLS16,,,
ALFA ROMEO,ALFETTA,4cil  2.0Lt,1981,BLS27,,,
ALFA ROMEO,GT,V6 2.5L,1981-1987,BLS16,,,
MANN,BUS ,,2015,BAE81275SR BAE81275S,,,
ALFA ROMEO,MILANO,V6   2.5Lt  F/ Inj ,1987,BLS16,,,
ALFA ROMEO,MILANO,V6 2.5L F/ Inj ,1988-1989,BLS27,,,
ALFA ROMEO,MILANO,V6  3.0Lt  F/ Inj,1987,BLS27,,,
ALFA ROMEO,MILANO,V6  3.0Lt ,1988-1989,BLS27,,,
ALFA ROMEO,SPIDER VELOCE,4 cil.2.0Lt .FI.,1977-1980,BLS16,,BPS150,
ALFA ROMEO,SPIDER VELOCE,4 cil.2.0Lt .FI,1981,BLS27,,BPS150,
ALFA ROMEO,SPIDER VELOCE,4 cil.2.0Lt .FI.,1982-1987,BLS27,,,
ALFA ROMEO,SPRINT VELOCE,4 cil.2.0L,,BLS16,,,
AMERICAN MOTORS ,ALLIANCE,4CIL  1.4 Lt ,1984-1987,BLS1446,,,
AMERICAN MOTORS ,ALLIANCE,4CIL  1.7 Lt ,1984-1987,BLS1446,,,
AMERICAN MOTORS ,AMX,6cil  4.2Lt ,1980,BLS331,AE184,,
AMERICAN MOTORS ,CONCORD,4cil  2.5Lt ,1980-1982,BLS111,AE184,,
AMERICAN MOTORS ,CONCORD,6cil  4.2Lt ,1978-1984,BLS331,AE184,,
AMERICAN MOTORS ,EAGLE,4 cil.2.5L,1981-1982,BLS111,AE184,,
AMERICAN MOTORS ,EAGLE,6 CIL  4.2Lt,1980-1982,BLS331,AE184,,
AMERICAN MOTORS ,ENCORE,4CIL  1.4 Lt ,1984-1987,BLS1446,,,
AMERICAN MOTORS ,ENCORE,4CIL 1.7 Lt  ,1984-1987,BLS1446,,,
AMERICAN MOTORS ,SX4,6 Cil  4.2Lt,1987,BLS1446,AE184,,
ARO,ARO10,4cil. Ensamblada en Peru,,BLS27,AE5053,,
ASIA,AM808 Minibus,ZB-14 6cil,1989,BLS270,BAE4972,BPS265,
ASIA,AM808 Minibus,ZB-15 6cil,1989,BLS270,BAE4972,BPS265,
ASIA,AM815 MINIBUS,ZB-1  6cil,1990,BLS270,BAE4972,BPS265,
ASIA,AM818 MINIBUS,LX 6cil,1990,BLS270,BAE1131,,
ASIA,AM825 Minibus,ZB-5 6cil,1996-1997,BLS270,BAE4972,BPS265,
ASIA,AM825 Minibus,ZB-6 6cil,1990,BLS270,BAE4972,BPS265,
ASIA,COSMOS BUS,ZB 6cil,1992,BLS270,BAE1131,BPE29,
ASIA,HI TOPIC AM 715,"4 cil., 2.7 L ",,BLS270,BAE1130,BPS521,
ASIA,TOPIC ,"4 cil., 2.5 L. diesel",1990-1991,BLS270,BAE1120,BPS265,
ASIA,TOPIC ,4 cil.,1987-1989,BLS270,BAE1121,BPS265,
ASIA,TOWNER,4 cil. gasolinero ,1991,BLS51,AE7710,,
ASIA,XA, XA diesel ,1987-1989,BLS270,BAE1121,BPS265,
AUDI,80,4cil  2.0 Lt,1990-1992,BLS561,,,
AUDI,80,4cil    2.3Lt,1990-1992,BLS561,,,
AUDI,90, 4cil   V6  2.0 Lt   FI,1988-1995,BLS561,,,
AUDI,90,4cil   V6  2.3Lt  FI ,1988-1995,BLS561,,,
AUDI,100 SERIES ,"2.3 Lt , 2.8 Lt  ",1989-1994,BLS561,,,
AUDI,100 SERIES ,2.3 Lt  ,1989-1994,BLS561,,,
AUDI,200 SERIES,2.2Lt Turbo ,1989-1991,BLS561,,,
AUDI,4000 CS,2.2Lt  ,1981-1987,BLS561,,,
AUDI,5000 SQUATTRO, 2.2Lt ,1980-1988,BLS561,,,
AUDI,5000 SQUATTRO, 2.3Lt  ,1980-1988,BLS561,,,
AUDI,80 QUATTRO,4cil  2.0 Lt,1990-1992,BLS561,,,
AUDI,80 QUATTRO,4cil  2.3Lt,1990-1992,BLS561,,,
AUDI,90 QUATTRO,4 cil   V6  2.0 Lt    FI,1988-1995,BLS561,,,
AUDI,90 QUATTRO,4 cil   V6  2.3Lt  FI,1988-1995,BLS561,,,
AUDI,A4 , V6 2.8Lt  ,1996-1997,BLS1A,,,
AUDI,A4 AVANT QUATTRO,4 cil  1.8 Lt ,1997-1999,BLS561,,,
AUDI,A6, 2.2Lt Turbo ,1995-1997,BLS561,,,
AUDI,A6,V6 2.7Lt  ,2000,BLS1A,,,
AUDI,A6, V6   2.8 Lt ,2000,BLS1A,,,
AUDI,A6 QUATTRO,2.2Lt Turbo  ,1995-1997,BLS561,,,
AUDI,A6 QUATTRO, V6 2.7Lt  ,2000,BLS1A,,,
AUDI,A6 QUATTRO, V6  2.8 Lt ,2000,BLS1A,,,
AUDI,COUPE, 2.2 Lt ,1981-1987,BLS561,,,
AUDI,S4, 2.2Lt  FI Turbo  ,1992-1994,BLS561,,,
BAJAJ,Moto ,,,BLE54E,AE2305,,
BAJAJ,Moto ,AAFB,2000,BLE54E,AE2305,,
BAJAJ,Moto ,,2014,BLS8301,,,
BEN WAY,Moto ,,,,BAE522,,
BMW,325E ,6cil  2.7 Lt  FI ,1984-1987,BLS561,,,
BMW,325IC," 6cil, 2.5Lt  FI ",1987-1993,BLS561,,,
BMW,325IC," 6cil, 2.5Lt  FI ",1987-1993,BLS561,,,
BMW,325IS," 6cil, 2.5Lt  FI ",1987-1993,BLS561,,,
BMW,325IX,"6cil, 2.5Lt  FI ",1987-1993,BLS561,,,
BMW,525I, 6 cil  2.5Lt  FI  ,1989-1993,BLS561,,,
BMW,528 E,  6cil  2.7Lt  FI,1982-1988,BLS561,,,
CHANGAN,Camioneta Panel,ZILITIZEN,2013,,BAE522 BAE522S,,
CHANGAN,Camioneta Panel,SC6850 NA160R20075,2010,,BAE512 BAE512S,,
CHERY,QQ,"3 cil , 0.8 Lt ",2007 up,BLS1079,,,
CHERY,QQ,"4 cil , 1.1 Lt ",2007 up,BLS1079,,,
CHERY,QQ,"4 cil , 1.1 Lt ",2014,BLS1079,AE916,,
CHEVROLET,AVEO,4 cil,2008-2013,BLS114,,,
CHEVROLET,AVEO,B12D1 4 cil 1200cc,2008-2013,BLS3011,,,
CHEVROLET,AVEO,F15S3  4 cil 1500cc,2005 UP,BLS111,,,
CHEVROLET,AVEO,F14D3 4 cil 1400cc,2008-2013,BLS111,,,
CHEVROLET,AVEO, 4 cil 1600cc,2004-2008,BLS111,,,
CHEVROLET,BLAZER,V6 cil. 4.3Lt ,1996-2000,BLS272,,,
CHEVROLET,BLAZER,V6 cil. 4.8Lt ,1987-1989,BLS22,,,
CHEVROLET,BLAZER,V8 cil. 5.0Lt ,1994-1995,BLS272,,,
CHEVROLET,C10,,1987-1990,BLS19N,BAE7225,,
CHEVROLET,C20,4cil,1987-1990,BLS19N,BAE7225,,
CHEVROLET,C40,4cil,1987-1990,BLS19N,BAE7225,,
CHEVROLET,CORSA,"4cil, 1.0 Lt , 1.2Lt, 1.6Lt",1994-2001,,AE5496,,
CHEVROLET,CHEVYMETRO,ISUZU 4BD1T,1992,BLS5E BLS518,,BPS2330,
CHEVROLET,KODIAK SERIE  50  ,CAT 3116,1995,BLS466634,BAE67SR,BPS877,
CHEVROLET,KODIAK SERIE  60  ,CAT 3116,1995,BLS466634,BAE67SR,BPS877,
CHEVROLET,KODIAK SERIE  70  ,CAT 3116,1995,BLS466634,BAE67SR,BPS877,
CHEVROLET,NPR ,ISUZU 4BD1T,1994,BLS5E BLS518,,BPS2330,
CHEVROLET,NPR ,4BDL,1991,BLS5E BLS518,,BPS2330,
CHEVROLET,N200,1.2Lt,2010-2012,,AE5497,,
CHEVROLET,N300,1.2Lt,2010-2012,,AE5497,,
CHEVROLET,SUBURBAN,V6 cil. 4.3Lt ,1996-2000,BLS272,,,
CHEVROLET,SUBURBAN,V6 cil. 4.8Lt ,1996-2000,BLS22,,,
CHEVROLET,SUBURBAN,V8 cil. 5.0Lt ,1994-1995,BLS272,,,
CHEVROLET ,BERETTA, 4cil  2.0Lt ,1987-1991,BLS28,AE2370,,
CHEVROLET ,BERETTA,2.2Lt  ,1990-1996,BLS111,,,
CHEVROLET ,BERETTA,3.1Lt ,1990-1996,BLS111,,,
CHEVROLET ,CAMARO,V6 5.7Lt F.I. ,1993-1997,BLS22,,,
CHEVROLET ,CAMARO,V6 3.8L F.I. ,1997-2000,BLS111,,,
CHEVROLET ,CAVALIER, 4 cil.  2.0Lt ,1983-1991,BLS28,AE2370,,
CHEVROLET ,CAVALIER, 4 cil.  2.2Lt ,1983-1991,BLS28,AE2370,,
CHEVROLET ,CAVALIER, 4 cil. 3.1Lt ,1992-2000,BLS111,,,
CHEVROLET ,CAVALIER,4 cil.  2.2Lt ,1992-2000,BLS111,,,
CHEVROLET ,CHEVETTE, 4 cil. ,hasta 1991,BLS111,,,
CHEVROLET ,CHEVETTE, 4 cil.  ,1992 up,BLS111,AE620,,
CHEVROLET ,CORSA,"4 cil. 1.0 EFI, 1.2 EFI. ",1993up,BLS111,AE2301,,
CHEVROLET ,CORSICA,2.3Lt  TBI  ,1990-1991,BLS28,AE2370,,
CHEVROLET ,CORSICA,2.Lt  ,1990-1996,BLS111,,,
CHEVROLET ,KADETT SL/E 1800,SL/E 1800,,BLS115,,,
CHEVROLET ,LUMINA,V6  3.1L FI.,1993-1997,BLS111,,,
CHEVROLET ,LUMINA APV,3.1L FI.,1990-1992,BLS28,AE773,,
CHEVROLET ,LUMINA APV,V6  3.1L FI.,1993-1995,BLS111,AE773,,
CHEVROLET ,LUMINA APV,V6  3.8L FI.,1992-1995,BLS111,AE340,,
CHEVROLET ,LUV 2300  ,Isuzu Diesel,1996,BLS818,BAE51,,
CHEVROLET ,MONZA SLE/200,"2.0 Lt , 2.2",1991,BLS115,AE8833,,
CHEVROLET ,NOVA,1.6Lt  2 bbl,1985-1987,BLS11,AE5015,,
CHEVROLET,N300,4cil,2013 up,BLS3011,AE5497,,
CHEVROLET,SAIL,4cil 1200CC,2013-up,BLS3011,AE5498,,
CHEVROLET,SAIL,LCA 4cil 1.4 Lt,2012-2016,BLS3011,AE5498,,
CHEVROLET,SAIL,L2B 4cil 1.5 Lt,2015-2016,BLS3011,AE5498,,
CHEVROLET ,S-10 , 4 cil. 2.5L.  ,1985-1993,BLS111,AE2370,,
CHEVROLET ,S-10 , 4 cil. 2.5L ,1994-2000,BLS111,,,
CHEVROLET ,S-10 , V6 4.3 Lt   ,1994-2000,BLS111,,,
CHEVROLET,SPARK,B1AS1 4 cil 1000cc,2005 up,BLS3011,,,
CHEVROLET,SPARK,B10D  4 cil 1000cc,2010 up,BLS3011,,,
CHEVROLET,SPARK,B12D  4 cil 1200cc,2010 up,BLS3011,,,
CHEVROLET ,SPECTRUM,4 cil. 1.5L. ,1985-1988,BLS818,,,
CHEVROLET ,VECTRA, 4 cil 16V  ,2005,BLS111,,,
CHEVROLET ,CAMION,Perkins ,1993,,BAE5050,BPS150,
CITROEN,AX ,6T  1360 CC ,1991 up,BLS87,AE1460,,
CITROEN,AX ALLURE, Diesel  92-94,1992-1994,BLS682A,,,
CITROEN,AX T, Diesel  92-94,1992-1994,BLS682A,,,
CITROEN,BX ,TZD gasolina ,1993,BLS682A,,,
CITROEN,BX AVANTAGE ,1360 CC  ,1991 up,BLS87,AE1460,,
CITROEN,CSX/2 ,1130,1974 up,BLS111,,,
CITROEN,GSA-CLUB,Sedan ,1992,BLS111,,,
CUMMINS,Motores,4B,,BLS8616,,,HWP1280
CUMMINS,Motores,4BT,,BLS8616,,,HWP1280
CUMMINS,Motores,6B,,BLS615,,,HWP1280
CUMMINS,Motores,BT ,,BLS615,,,HWP1280
CUMMINS,Motores,6CT-8.3,,BLS3000,,,HWP1280
CUMMINS,Motores,M11 ,,BLS3000,,,HWP1212
CUMMINS,Motores,"N14, 14.0lt",,BLS3000,,,HWP1212
DAEWOO,BF-101  ,,,BLE4072,,,
DAEWOO,BF-105,,,BLE4072,,,
DAEWOO,CIELO,,1994,BLS115,AE868,,
DAEWOO,DAMAS ,3 cil. ,1992,BLS3010,BAE609,,
DAEWOO,ESPERO, 4 cil.2.OL FI.,1992-1993,BLS115,AE2370,,
DAEWOO,ESPERO,"4 cil FI , C20 LE ",1994,BLS115,AE868,,
DAEWOO,G15 ,G15 MF  ,1993,BLS115,AE868,,
DAEWOO,G15SF,G15SF ,1989-1992,BLS115,AE608,,
DAEWOO,LABO,3cil. ,1992,BLS3010,BAE609,,
DAEWOO,LANOS,1.4 Lt,1997,BLS115,,,
DAEWOO,LANOS,1.5Lt ,1997,BLS115,,,
DAEWOO,LANOS,1.6Lt ,1997,BLS115,,,
DAEWOO,LEGANZA,2.0Lt  ,1997,BLS115,,,
DAEWOO,LEMANS GTE ,4 cil. ,1989-1992,BLS115,AE608,,
DAEWOO,MATIZ,,1998,BLS3010,,,
DAEWOO,MUSSO,,1991-1992,BLE39,AE5320,,
DAEWOO,NUBIRA,2.0Lt ,1997,BLS115,,,
DAEWOO,NUBIRA,1.6Lt  ,1997,BLS115,,,
DAEWOO,PRINCE, 4 cil. FI. C20LE ,1994,BLS115,AE868,,
DAEWOO,PRINCE,4 cil. FI. ,1992-1993,BLS115,AE868,,
DAEWOO,RACER,4 cil. 2.0L F.I. ,1992,BLS115,AE608,,
DAEWOO,RACER STI,4cil  FI ,1993,BLS115,AE868,,
DAEWOO,TACUMA,4cil ,2001,BLS111,,,
DAEWOO,TICO, F8C 3 cil.,1992,BLS3010,,,
DAIHATSU,APLAUSE,1.6Lt ,1989-1994,BLS3001,,,
DAIHATSU,APLAUSE,HD-E  EFI  ,1989-1994,BLS3001,,,
DAIHATSU,CHARADE,CB   ,1990,BLS31,,,
DAIHATSU,CHARADE,3 cil. 1000 c.c. ,1991-1993,BLS31,,,
DAIHATSU,CHARADE,3 cil 1.0 Lt FI ,1993,BLS3001,,,
DAIHATSU,CHARADE,CB 1.0 Lt ,1993,BLS3001,,,
DAIHATSU,CHARADE,HC,1993,BLS3001,,,
DAIHATSU,CHARMANT LD,4K 4 cil.,1982,BLS31,AE3010,,
DAIHATSU,COURE,DE Gasolina,1996,,AE7215,,
DAIHATSU,DELTA,13B  3.0Lt,1984-1995,BLS1A,AE4801,BPS2330,
DAIHATSU,DELTA,14B 3.7Lt,1988-1995,BLS3002,AE4801,BPS2330,
DAIHATSU,DELTA,15B 4.1Lt,1995 UP,BLS3002,,BPS305,
DAIHATSU,DELTA,4.6L S05C,20222-2006,,BAE8030,,
DAIHATSU,HIGET ,,1979,BLS31,,,
DAIHATSU,ROCKY,Diesel,,BLS3950,,BPS521,
DAIHATSU,ROCKY,,1996,BLS260,,BPS521,
DAIHATSU,S-60,3Cil ,1985-1995,BLS31,,,
DAIHATSU,SD-550, 3 cil. ,1985-1995,BLS31,,,
DAIHATSU,TERIOS, 1.3 Lt ,1998,BLS3001,,,
DIMEX,D 1416,,1997,BLS615,,,
DIMEX,D 1619,,998,BLS615,BAE6741 BAE6741S,,
DIMEX,D 1622,,1998,BLS3000,,,
DIMEX,D 916M,,1997,BLS615,,,
DIMEX,Camion,Cummins 6CTAA 8.3 T,1998  UP,BLS3000,,,
DODGE,ARIES,4 cil. 2.2L gasolinero ,1985-1989,BLS11,,,
DODGE,CARAVAN,4 cil. 2.4L F.I.,1996,BLS11,,,
DODGE,CORONET,V8 Ensamblado en Peru,,BLS1A,,,
DODGE,D-100, 6 cil. Gasolinero,,BLS1A,AE52,,
DODGE,D-100, 8 cil. gasolinero.,,BLS1A,,,
DODGE,D-300, 6 cil. gasolinero,,BLS1A,AE52,,
DODGE,D-300,8 cil. gasolinero.,,BLS1A,,,
DODGE,D-300,CUMMINS 4cil FABRICACION PERU,1988,BLS615,,BPS8125339,
DODGE,D500,8cil,1976-1977,BLE3,,,
DODGE,D-500,PERKINS  6cil,1980-1985,BLS32,BAE2965,BPS796,
DODGE,D-500,PERKINS   FASE IV,1988,BLS32,BAE81,BPS796,
DODGE,D600,PERKINS FASE IV,1992,BLS32,,BPS796,
DODGE,D800,CUMMINS,1989,BLE127,BAE910,BPS877,
DODGE,DART,"Dart 6 cil 170, 225",1966,BLS1A,AE52,,
DODGE,DART , V-8  273 ,,BLS1A,,,
DODGE,DART GT,,,BLS1A,,,
DODGE,LE BARON,V8              ,,BLS1A,,,
DODGE,W-100,8 cil. 4x4,,BLS1A,,,
DONG FENG,AEOLUS,CUMMINS,,BLS1100,BAE512 BAE512S,HWP0690,HWP523P
DONG FENG,DFL4181A,CUMMINS L375-20,2008,BLS1004,BAE509 BAE509S,,
DONG FENG,DFL3251A,CUMMINS L375-20,2008,BLS1004,BAE509 BAE509S,,
DONG FENG,DFL4251A,CUMMINS L375-20,2008,BLS1004,BAE509 BAE509S,,
DONG FENG,CAMION,,2010,,BAE519 BAE519S,,
DONG FENG,OLIMPIC 13.5,CUMMINS SERIE B6,2010,BLS16015,BAE545 BAE545S,BPS2241,HWP1329
DONG FENG,OLIMPIC 5 JINBA E32-501 ,YUCHAI YC4F100-120 ,2009,BLS54,BAE525 BAE525S,BPS8125339,HWP1251
DONG FENG,OLIMPIC  17 Z38-002,CUMMINS  EQB 180-20 6cil 5.9Lt,2007-2008,BLS615,BAE520 BAE520S,BPS8125339,HWP1280
DONG FENG,OLIMPIC 10 DFA1101,CUMMINS,2008 UP,BLS8616,BAE512 BAE512S,BPS8125339,HWP1280
DONG FENG,OLIMPIC 10.5 DFA1102,CUMMINS EQB 140-20,2008 UP,BLS8616,BAE512 BAE512S,BPS8125339,HWP1280
DONG FENG,OLIMPIC 13.5 ,CUMMINS EQB 160.20  6cil  5.9Lt,2007  UP,BLS615,,BPS8125339,HWP1280
DONG FENG,OLIMPIC 13.5,CUMMINS  SERIE B  6 Cil,2010,,BAE529 BAE529S,,
DONG FENG,OLIMPIC 8.0 DFA 1063DJ10,CUMMINS,2007 UP,BLS8616,BAE512 BAE512S,BPS8125339,HWP1329
DONG FENG,OLIMPIC 8.5 DFA1065,CUMMINS EQB 125-20,2007 UP,BLS8616,BAE512 BAE512S,BPS8125339,HWP1280
DONG FENG,OLIMPIC 125,CUMMINS,,,BAE512 BAE512S,,
DONG FENG,OLIMPIC 17,CUMMINS,,BLS8616,BAE520 BAE520S,HWP0688,
DONG FENG,OLIMPIC 5.0,CUMMINS,,BLS1002,BAE525 BAE525S,BPS8125339,HWP523P
DONG FENG,OLIMPIC 7.5,CUMMINS,,BLS90541188,BAE525 BAE525S,BPS8125339,
DONG FENG,T-LIFT 6X4 DFL3251A ,CUMMINS  L375-20  6cil  8.9Lt,2008,BLS3000 BLS471392,BAE509 BAE509S,BPS877,HWP1212 BWS2010
DONG FENG,CAMION,,2012,,BAE584 BAE584S,,
FAW,CA4285P ,1509A 6cil,2009,BLS90541188,BAE562SR BAE562S,HWP90P,
FAW,CA4285P ,1509A 6 cil,2009,BLS90541188,BAE563SR,HWP90P,
FAW,CAMION,DACHAY,2010,BLS1007,,,
FAW,PICK UP ,4JB1T,2009,BLS2865,BAE511,,
FAW,V70,,,BLS3006,,,
FIAT,124 SPYDER, 4 cil 1.9 Lt.  ,1980,BLS16,,,
FIAT,124 SPYDER,4 cil. 1.7 Lt. ,1983,BLS27,,,
FIAT,BRAVA,1.4 Lt ,1996,BLS46,,,
FIAT,BRAVA,1.6 Lt ,1996,BLS46,,,
FIAT,BRAVA,1.8 Lt  ,1996,BLS46,,,
FIAT,BRAVA,2.0 Lt ,1996,BLS46,,,
FIAT,ELBA,4cil  1.0Lt   Brasil,1984-1991,BLS46,,,
FIAT,ELBA CS ,"CS  4 cil , 1.5 Lt   Gasolinero  ",1992-1993,BLS46,AE631,,
FIAT,ELBA CS ,"CS  4 cil , 1.6 Lt  Gasolinero ",1992-1993,BLS46,AE631,,
FIAT,FIORINO , 4 cil. Diesel,1991-1995,BLS48,AE4041,,
FIAT,FIORINO , Motor diesel,95 up,,AE8498,,
FIAT,PANDA,,1991,BLS47,AE8293,,
FIAT,PREMIO,4 cil  1.0 Lt  Brasil,1984-1991,BLS46,,,
FIAT,PREMIO,,1992,BLS27,AE631,,
FIAT,PREMIO CS,4 cil  1.5 Lt   Gasolinero  ,1992-1993,BLS46,AE631,,
FIAT,STRADA, 4 cil, 1.5 Lt,1993,BLS650,,
FIAT,STRADA 138,4 cil, 1.5 Lt,1994,BLS650,,
FIAT,TEMPRA,4 cil  1.6 Lt  gasolinero,1990-1995,BLS52,AE2506,,
FIAT,TIPO,4 cil 1.4 Lt   gasolinero,1990-1995,BLS52,AE2506,,
FIAT,UNO 60S,,1991,BLS47,AE8293,,
FIAT,UNO MILE,"4cil, 1.0 Lt  Italiano  ",1992 - 1993,BLS46,,,
FIAT,UNO MILE,4 cil 1.0 Lt Italiano,1991,BLS27,,,
FORD,250,,1992-1996,BLS1A,,,
FORD,250,,1988-1991,BLS1A,,,
FORD,350,,1992-1996,BLS1A,,,
FORD,350,,1988-1991,BLS1A,,,
FORD,350,V8 7.3L ,1988-1991,BLS68,AE6661,,
FORD,350,V8 6.9L ,1987,BLS68,AE6661,BPS33,
FORD,350,V8 V8 7.3L ,1993-1994,BLS68,,,
FORD,AEROSTAR ,V6 3.0L. F.I. ,1986-1996,BLS56,AE1043,,
FORD,AEROSTAR ,V6 4.OL. F.I. ,1993-1996,BLS1A,AE1043,,
FORD,BRONCO,V6 cil. 4.9L ,1982-1985,BLS1A,AE124,,
FORD,BRONCO,"V8 5.0L,  ",1980-1984,BLS1A,,,
FORD,BRONCO,V8  5.8L ,1980-1984,BLS1A,,,
FORD,BRONCO,V8 5.0 Lt,1987-1996,BLS1A,,BPS227,
FORD,CF7000,FD1010,1988,BLS615,BAE120,,
FORD,CORCEL, 4cil  Gasolinero,,BLS650,,,
FORD,CORTINA,4 cil Gasolinero,,BLS27,,,
FORD,DEL REY,4cil  Gasolinero,,BLS650,,,
FORD,E150,,1988-1991,BLS1A,,,
FORD,E250,"V8 7,3L ",1988-1991,BLS68,AE6661,,
FORD,E250,"V8 7,3L ",1993-1994,BLS68,,,
FORD,E350,"V8 7,3L ",1988-1991,BLS68,AE6661,,
FORD,E350,"V8 7,3L  ",1993-1994,BLS68,,,
FORD,ECOLINE E-250,V8 6.9Lt ,1987,BLS68,AE6661,BPS33,
FORD,ESCORT,"4cil , 1.8 Lt",1991-1996,BLS3006,,,
FORD,ESCORT,"4cil , 1.6 Lt FI",1984 - 1986,BLS27,,,
FORD,ESCORT  ,,,,AE4831,,
FORD,ESCORT GL,1300 aleman,,BLS56,,,
FORD,EXPLORER,V6 4.0L F.I. ,1991-1995,BLS1A,AE1043,,
FORD,EXPLORER,V6 4.0L F.I. ,1995-1996,BLS1A,,,
FORD,EXPLORER,V6 4.0L F.I. ,2000,BLS1A,AE1658,,
FORD,F SERIES,,1990 UP,BLS1A,,BPS150,
FORD,F-100 ,V8  gasolina ,1979-1984,BLS1A,,,
FORD,F14000,MWM 229/6  Brasil ,1991,BLS90541188,BAE7225,,
FORD,F-150,,1992-1996,BLS1A,,,
FORD,F-150,,1988-1991,BLS1A,,,
FORD,F2000,,1990 UP,BLS1A,,BPS150,
FORD,F-250,V8 7.3L ,1988-1991,BLS68,AE6661,,
FORD,F-250,V8 6.9L ,1987,BLS68,AE6661,BPS33,
FORD,F-250,V8 V8 7.3L ,1993-1994,BLS68,,,
FORD,F350,V8 6.9Lt ,1987,BLS68,AE6661,BPS33,
FORD,F4000,,1990 UP,BLS1A,,BPS150,
FORD,F600,6cil  7.8 Lt.  Diesel,,BLS90541188,BAE120,,
FORD,F600,MWM,1990,BLS90541188,BAE120,HWP1281,
FORD,F600,FD1060,1991,BLS615,BAE67SR,HWP1251,HFW2010
FORD,F700,FD1060,1991,BLS615,BAE67SR,HWP1251,HFW2010
FORD,F800,6cil  7.8 Lt.  Diesel,,,,,
FORD,F800,MWM,1990,BLS90541188,BAE120,HWP1281,
FORD,F800,FD1060,1991,BLS615,BAE67SR,HWP1251,HFW2010
FORD,F900,F900  COMPACTADORA DE BASURA,,,BAE120,BPS8125233,
FORD,FESTIVA LX,1.3L. Corea,1986,BLS260,AE636,,
FORD,FIESTA, 4cil  1.3 Lt  FI Europeo,1995,BLS56,,,
FORD,LASER,1.5L. Japon,1986-1987,BLS260,AE323,,
FORD,LN7000,FD1010,1988,BLS615,BAE120,,
FORD,PROBE,4cil  2.2L,1989-1992,BLS21,,,
FORD,RANGER PICK UP,"4,6 cil ",1989-1994,BLS1A,AE1043,,
FORD,RANGER PICK UP,"4,6 cil",1995,BLS1A,AE1043,,
FORD,RANGER PICK UP,6 cil 3.0L ,1991-1994,BLS56,AE1043,,
FORD,RANGER PICK UP,6 cil 3.0L ,1995,BLS56,AE1043,,
FORD,RANGER PICK UP,"4,6 cil   ",1996,BLS1A,,,
FORD,RANGER PICK UP,6 cil 3.0L ,1996,BLS56,,,
FORD,RANGER PICK UP,"4,6 cil",1997,BLS1A,,,
FORD,TAURUS,4 cil. 2.5L FI. ,1986-1998,BLS1A,AE1043,,
FORD,TAURUS,V6 3.0 L FI. ,1986-1995,BLS56,AE1043,,
FORD,TEMPO,4 cil. 2.3L. F.I. ,1985-1991,BLS1A,,,
FORD,TEMPO LX,motor diesel,,BLS5E BLS518,AE1355,BPS521,
FORD,Camion,MWM 229/6  Brasil ,1992,BLS90541188,,BPE105,
FORLAND,Camion,TITAN 1012,2012,BLE15,BAE83,BPE201,
FOTON,BJ5121,,2014,,BAE615SR  BAE615S,,
FOTON,BJ6800,,2012,,BAE597,,
FOTON,BJ4187,,2014,,BAE599SR BAE599S,,
FOTON,1020,,2010,,,BPE205,
FOTON,BJ103,,2013,,BAE589,,
FOTON,BJ1043,,2008,BLS38,BAE502,BPS8125339,HWP91P
FOTON,BJ1049,,2014,,BAE595SR,,
FOTON,BJ1069,,2008,,BAE508SR,,
FOTON,BJ6900,,2014,,BAE600 BAE600S,,
FOTON,COMBI,,,BLS1008,BAE536,BPS521,
FOTON,FORLAND,,2008,,BAE592,BPE201 BPE202,
FOTON,K1,,2014,,BAE601SR,,
FOTON,OLLIN BJ1043,,2010,BLS1100,,BPS8125339,HWP1251
FOTON,OLLIN BJ1039,,2010,BLS833A,,BPS8220,
FOTON,VIEW ,4 cil 2700cc,2010,BLS1001,BAE1019,BPS521,
FREIGHTLINER,ARGOSI,,,BLS3000,BAE25139SR,,
FREIGHTLINER,FL-112,CUMMINS M11 ,,BLS3000,,,HWP1212
FREIGHTLINER,FLD112,CATERPILLAR 3176B,,BLS90541188,,,
FREIGHTLINER,FLD112,CUMMINS M11 ,,BLS3000,,,HWP1212
FREIGHTLINER,FLD120,CATERPILLAR 3406B,,BLS90541188,,,
FREIGHTLINER,FLD120,DETRIOT DIESEL SERIES 60,,BLS300,,BPS96 BPS97,
FREIGHTLINER,FLD120D,DETRIOT DIESEL SERIES 60,,BLS3000,,,
FREIGHTLINER,LFU966-4T,CUMMNIS NTC350,,BLS300,,BPS877,
GEELY,MK,4cil  1.5Lt,2008 UP,BLS3001,,,
GEELY,LC CROSS,4cil  1.5Lt,2014 up,BLS3001,,,
GOLDEN DRAGON,GNV,BUS 9m,2010 up,BLS615,BAE5628SR BAE5628S,,
GOLDEN DRAGON,GNV,BUS 7m,2010 up,,BAE519 BAE519S,,
GOLDEN DRAGON,GNV,BUS N12 m MEC.,2010 up,BLS3000,BAE573 BAE573S,,
GOLDEN DRAGON,GNV,Bus 6 cil ,2012,,BAE616 BAE616S,,
GMC,6000,,,BLS19N,BAE28,BPS228,
GMC,FONWARD W500,Isuzi 6BG1,1992 UP,BLS76,BAE9014,,
GMC,FULL PINCHER,Detroit  8.2L ,1982,BLS19N,BAE28,BPS227 BPS228,
GMC,ISUZU 6GB1,motor Isuzu 6 BG1 ano 92-up,1992,,BAE9014,,
GMC,JIMMY,2.2Lt  ,1994-1997,BLS111,,,
GMC,JIMMY,4.3Lt  ,1994-1997,BLS28,,,
GMC,NEOPLAN ,Detroit  60DD2,1996,BLS300,,BPS96,
GMC,S-15,2.5Lt  FI ,1985-1990,BLS111,AE2370,,
GMC,S-15  ,2.5L. FI. ,1985-1990,BLS111,AE2370,,
GMC,SONOMA,2.2Lt  ,1994-1997,BLS111,,,
GMC,SONOMA, 4.3Lt  ,1994-1997,BLS28,,,
GREAT WALL,SUV,,2009,BLS3007,AE3117,,
GREAT WALL,SUV,4cil  2.8Lt,2006-2010,,,BPS2330,
GREAT WALL,SUV,HAVAL 3,2010,BLS3007,AE3016,,
HAFEI,LOBO,4cil  1.0Lt,2007 UP,BLS1079,,,
HAFEI,MINYI,4cil  1.1Lt,2007-2010,BLS1079,,,
HAFEI,RUIYI,4cil  1.0Lt,2006-2010,BLS1079,,,
HAFEI,ZHONGYI,4cil 1.0Lt,2006-2008,BLS1079,,,
HIGER,KLO6896,,,,BAE617SR BAE617,,
HILMAN,SEDAN,,1990,BLS27,AE56,,
HINCHAY ,BUSES,160,,BLS466634,BAE534,BPS8125339,HWP523P
HINO,BLUE RIBBON,J08E-T,2005-2007,,"BAE3360SR
BAE3360S",,
HINO,CG277AU,200,,BLE208,,BPE126,
HINO,DUTRO 716,2660D(500),2011 UP,BLS-91,BAE3382SR,BPE3304,
HINO,DUTRO ,"5ton, 8ton",2011 UP,,,BPE6100,
HINO,DUTRO ,"5.3L , J05C",2002-2006,,BAE8030,,
HINO,DUTRO ,"4.0L , N04C-T",2008-2011,,BAE8030,,
HINO,DX,WO-6E,,BLS4009,,BPS1510,
HINO,DX  ,WD-4D,,BLS601,,BPS304,
HINO,FB2W ,WO4D,1990-1995,BLS601,,,
HINO,FC2W,WO4D,1990-1995,BLS601,,BPS150,
HINO,FC3W,WO6E,1990-1995,BLS4009,,BPS1510,
HINO,RAINBOW ,W4-DB,1985,BLS601,,BPS304,
HINO,RAINBOW  RR,HO6C(T),1988-1990,,BAE9014 BAE9014S,BPS1510,
HINO,RAINBOW  RR,HO7C (T),1990-1997,,BAE9014 BAE9014S,BPS1510,
HINO,RAINBOW  RR,HO7D (T),1990-1995,,BAE110,BPS1510,
HINO,RAINBOW CH,WO6E,1987-1989,BLS4009,BAE110,BPS304,
HINO,RAINBOW RH,WO4D(T),1987-1990,BLS4009,BAE9014 BAE9014S,BPS1510,
HINO,RAINBOW RH,WO4D (T),1992-1995,BLS4009,BAE9014 BAE9014S,,
HINO,RAINBOW RH,J07E-T,2004-2007,,"BAE-3360SR
BAE3360S",,
HINO,RANGE FD165,WO6E,1986-1989,BLS4009,BAE110,BPS1510,
HINO,RANGE 168,HO6C,1983-1989,BLE208,BAE110,BPE29,
HINO,RANGE FD162,HO6C,1983-1989,BLE208,BAE110,BPE29,
HINO,RANGE FD162,WO6E,1986-1989,BLS4009,BAE110,BPS1510,
HINO,RANGE FD163,HO6C,1983-1989,BLE208,BAE110,BPE29,
HINO,RANGE FD163,WO6E,1986-1989,BLS4009,BAE110,BPS1510,BPFS90PA
HINO,RANGE FD164,HO6C,1983-1989,BLE208,BAE110,BPE29,
HINO,RANGE FD164,WO6E,1986-1989,BLS4009,BAE110,BPS1510,
HINO,RANGE FD165,HO6C,1983-1989,BLE208,BAE110,BPE29,
HINO,RANGE FD166,HO6C,1983-1989,BLE208,BAE110,BPE29,
HINO,RANGE FD166,WO6E,1986-1989,BLS4009,BAE110,BPS1510,
HINO,RANGE FD168,WO6E,1986-1989,BLS4009,BAE110,BPS1510,
HINO,RANGER FB  ,JO5C,1995-1999,BLS4009,,,
HINO,RANGER FB4J,HO5C,1995 UP,BLS4009,,,
HINO,RANGER FC171  ,HO7C,1986-1990,BLS4009,BAE110,BPS1510,
HINO,RANGER FC172,HO7C,1986-1990,BLS4009,BAE110,BPS1510,
HINO,RANGER FC172  ,HO7C,1984-1985,BLE208,BAE110,BPE29,
HINO,RANGER FC174,HO7C,1986-1990,BLS4009,BAE110,BPS1510,
HINO,RANGER FC176,HO7C,1986-1990,BLS4009,BAE110,BPS1510,
HINO,RANGER FC4J,HO5C,1995 UP,BLS4009,,,
HINO,"RANGER GD, GK, GX, GC",J07E-T,2004-2006,,"BAE-3360SR
BAE3360S",,
HINO,SS633,EF750,1988,BLE208,,BPE29 BPE126,
HONDA,GENERADOR,,,BLE59,,,
HONDA,GENERADOR,,,BLS88,,,
HONDA,GENERADOR  ,5HP,,,AE8000,,
HONDA,COMPACTADORES,,,,AE30,,
HONDA,GENERADOR    ,GX160 5HP,,,AE31,,
HONDA,GENERADOR,GX200,,,AE31,,
HONDA,GENERADOR,,,BLE59,BAE152,,
HONDA,GENERADOR,CG125,,,BAE154,,
HONDA ,ACCORD,4 cil. 1.6L. ,1976-1978,BLS1445,AE342,,
HONDA ,ACCORD,4 cil. 1.8L. ,1979-1983,BLS30N,,,
HONDA ,ACCORD,4 cil. 2.2L F.I. ,1990-2000,BLS682A,,,
HONDA ,CIVIC,4 cil. 1.2L. ,1973-1979,BLS1445,,,
HONDA ,CIVIC,4 cil. 1.3L. ,1980-1983,BLS30N,,,
HONDA ,CIVIC,4 cil. 1.5L. ,1980-1983,BLS30N,,,
HONDA ,CIVIC,4 cil. 1.3L. ,1982-1987,BLS30N,,,
HONDA ,CIVIC,4 cil. 1.5L. ,1982-1987,BLS30N,,,
HONDA ,CIVIC,4 cil. 1.5 ,1992-1997,BLS682A,,,
HONDA ,CIVIC,"4 cil. 1,6L.",1992-1997,BLS682A,,,
HONDA ,CIVIC,1.3  Lt.,,BLS682A,AE4327,,
HONDA ,CIVIC,1.5 Lt.,,BLS682A,AE4327,,
HONDA ,CIVIC -CR-X,"4cil , 1.6Lt",1988-1995,BLS682A,,,
HONDA ,CIVIC CX,4cil  1.6Lt  FI ,1996-2000,BLS682A,,,
HONDA ,CIVIC DX,4cil  1.6Lt  FI,1996-2000,BLS682A,,,
HONDA ,CIVIC LX,4cil  1.6Lt  FI,1996-2000,BLS682A,,,
HONDA ,CIVIC VP,4cil  1.6Lt  FI,1996-2000,BLS682A,,,
HONDA ,CIVIC-CR-X,"4cil , 1.5 Lt",1988-1995,BLS682A,,,
HONDA ,CRV,2.0Lt  FI ,1997-2000,BLS682A,AE3263,,
HONDA ,CRV,4 cil,2007,BLS3007,,,
HONDA ,CRV 4x4,,2003,BLS3007,AE48,,
HONDA ,INTEGRA,"4 cil., 1.6Lt . F.I. ",1989-1996,BLS682A,,,
HONDA ,INTEGRA,4 cil. 1.8L. F.I. ,1989-1996,BLS682A,,,
HONDA ,LGENT ,3.5Lt  ,1996,BLS682A,,,
HONDA ,PRELUDE,4 cil. 1.8L. ,1979-1983,BLS30N,,,
HONDA ,PRELUDE,4 cil. 1.8Lt . FI. ,1979-1982,BLS30N,,,
HONDA ,PRELUDE,4 cil. 2.0L. FI. ,1990-1991,BLS682A,,,
HONDA ,PRELUDE,4 cil. 2.2L. FI. 16V ,1992-1996,BLS682A,,,
HONDA ,PRELUDE,4 cil. 2.3L. FI. 16V ,1992-1996,BLS682A,,,
HOWO,VOLQUETE,,2005 UP,BLS90541188,BAE521 BAE521S,BPS8193841,HWP90P
HOWO,VOLQUETE,,2008 UP,BLS90541188,BAE8001 BAE8001S,BPS8193841,HWP90P
HOWO,VOLQUETE,,2011 UP,BLS90541188,BAE507SR BAE507S,BPS8193841,HWP90P
HUANGHAI,CAMION    ,,2008,,BAE507SR BAE507S,,
HYUNDAI,2000,,1987,BLS260,AE340,,
HYUNDAI,4500,D4-AE,1996,BLS833 BLS838,BAE1205,BPS68,
HYUNDAI,ACCENT ,4 cil. 1.3L. FI. ,1995,BLS260,AE2301,,
HYUNDAI,ACCENT ,4 cil. 1.5L. FI. ,1995-1999,BLS260,AE2051,,
HYUNDAI,ACCENT ,,2007,BLS260,AE2053G,,
HYUNDAI,ACCENT  VERNA,,,BLS260,AE2600,,
HYUNDAI,AEROCITY,D6AURS,1992,BLE1900 BLE1890,,BPS544,
HYUNDAI,AEROCITY,GNV,2008  up,BLE1900 BLE1890,BAE1023,,
HYUNDAI,ATOS,,1998,BLS51,AE2510,,
HYUNDAI,AVANCE,"1,8 Lt",,BLS260,AE3001,,
HYUNDAI,CHORUS,4.5Lt,1998 UP,BLS833 BLS838,BAE1205,BPS68,
HYUNDAI,CHORUS,3.5Lt,1998,BLS604,BAE1205,BPS521,
HYUNDAI,COUNTY ,D4D 4.2 Lt,1998,,BAE159SR,,
HYUNDAI,COUNTY II , III,,1998,BLS604,BAE1024,HWP90P
HYUNDAI,ELANTRA,4 cil. 1.6L. FI.,1992-1995,BLS260,BAE2010,,
HYUNDAI,ELANTRA,4 cil.1.8L FI.,1992-1995,BLS260,BAE2010,,
HYUNDAI,ELANTRA,4 cil. 1.6Lt.  FI.,1996-2000,BLS260,,,
HYUNDAI,ELANTRA,4 cil. 1.8Lt   FI.,1996-2000,BLS260,,,
HYUNDAI,ELANTRA,4 cil. 2.0Lt  FI.,1996-2000,BLS260,,,
HYUNDAI,ELANTRA,4 cil. 2.0Lt  FI.,1997-2001,BLS260,AE3001,,
HYUNDAI,EXCEL ,4 cil. 1.5L Corea,1986-1991,BLS260,AE342G,,
HYUNDAI,EXCEL , 4 cil. 1.5L. F.I. U.S.A.,1986-1989,BLS260,AE6157,,
HYUNDAI,EXCEL , G4-AJ Corea,1986-1991,BLS260,AE342G,,
HYUNDAI,EXCEL ,4cil 1.5Lt  FI  USA,1986-1989,BLS260,AE343,,
HYUNDAI,EXCEL ," 4cil , 1.5L  USA",1990-1995,BLS260,BAE2010,,
HYUNDAI,EXCEL ,1.5Lt,1996 UP,BLS260,AE4570,,
HYUNDAI,G4-AJ,G4-AJ Corea,1987,BLS260,AE342G,,
HYUNDAI,GALLOPER,2.5Lt G4-BAT gasolinero,1997 up,BLS260,,BPS9H,
HYUNDAI,GRAND i10,,2014,BLS260,AE2059,BPS9H,
HYUNDAI,GRACE,D4 - BAR diesel,1994 up,BLS604,BAE1222,BPS9H,
HYUNDAI,GRACE,,2004,BLS604,AE8130,BPS9H,
HYUNDAI,H1,,2004,BLS604,AE8130,BPS9H,
HYUNDAI,H100,D4-BAT ,1994-1996,BLS604,BAE1205,BPS521,
HYUNDAI,H100,D4-BAR  ,1994-1996,BLS604,BAE1205,BPS521,
HYUNDAI,H100,D4BB,2008,BLS604A,AE8131,BPS521,
HYUNDAI,H100,D4BH,2008,BLS604A,AE8131,BPS521,
HYUNDAI,H100,D4BB,2013,BLS604A,AE8131,BPS521,
HYUNDAI,H100,D4CB,2013,BLS604A,AE8131,BPS521,
HYUNDAI,H250,,1996,BLS833,BAE1222,BPS68,
HYUNDAI,H350,3.3Lt TD,1998 UP,BLS833,BAE1205,,
HYUNDAI,HD120,D4GA,2011,,BAE1027,HWP52161,
HYUNDAI,HD45,D4BB,2010,BLS604A,BAE159SR,BPS521,
HYUNDAI,HD46,D4BB,2010,BLS604A,BAE159SR,BPS521,
HYUNDAI,HD65,D4AF 4cil ,1997up,,BAE159SR,,
HYUNDAI,HD78,,2013,BLE1901,BAE1024,,
HYUNDAI,H1,,2005,BLS604,AE8130,BPS9H,
HYUNDAI,H1,,2004-2008,,,BPS4100,
HYUNDAI,HK ,,1985,BLE312,BAE110,HWP1212,
HYUNDAI,i 10,4cil 1.0 Lt,2014 up,BLS260,AE2059,,
HYUNDAI,Grand i 10,4cil  1.2 Lt,2014 up,BLS260,AE2059,,
HYUNDAI,L4CPL,L4CPL a gas. Corea,1990,BLS260,,,
HYUNDAI,MIGHTY,,,BLS833 BLS838,BAE1205,BPS68,
HYUNDAI,PORTER,D4-BXJ,1989,BLS604,BAE1222,BPS521,
HYUNDAI,PORTER,D4-BB,1997 UP,BLS604,BAE112,BPS521,
HYUNDAI,PORTER,4d56 4cil 2.5 Lt,1997 UP,BLS604,AE8131,BPS521,
HYUNDAI,Camiones,Modelos varios,,,,,HWP52161
HYUNDAI,SCOUPE,,1986-1991,BLS260,AE342G,,
HYUNDAI,SCOUPE,4cil  1.5Lt  FI  USA,1990-1994,BLS260,BAE2010,,
HYUNDAI,SCOUPE,4cil 1.5Lt Turbo FI ,1994-1995,BLS260,,,
HYUNDAI,SONATA,4cil 2.4 Lt,1999-2005,BLS260,AE2052G,,
HYUNDAI,SONATA,"4 cil. 2.0Lt, U.S.A.",1989-1997,BLS260,BAE2010,,
HYUNDAI,SONATA,4 cil.  V6 3.0L FI. U.S.A.,1989-1997,BLS260,BAE2010,,
HYUNDAI,STAREX,2.5L ,1998-1999,BLS604,AE8130,BPS9H,
HYUNDAI,H1,2.5L ,2006,BLS604,AE8131,BPS9H,
HYUNDAI,STELLAR,,1987,BLS260,AE342G,,
HYUNDAI,STELLAR  ,,1987,BLS260,AE340,,
HYUNDAI,STELLAR TX,,1990,BLS260,,,
HYUNDAI,TD,,1998-1999,BLS604,AE8130,BPS9H,
HYUNDAI,TRITON 3000,D4AF,2000,BLS833,BAE112,BPS68,
HYUNDAI,TUCSON, 2.0 lt,2004-2008,BLS260,,,
HYUNDAI,TUCSON,V6 2.7 lt ,2004-2008,BLS3006,,,
HYUNDAI,Camion,LESA-18 a gas. Corea,1987,BLS260,AE342G,,
INCA POWER,COMBI,,,BLS1002,BAE558,BPS1332,
INTERNATIONAL,4300,DT466,2002-2005,BLS1259,BAE6741 BAE6741S,BPS14,
INTERNATIONAL,4700,DT466,1995-1997,BLS1259,BAE6741 BAE6741S,BPS14,
INTERNATIONAL,4900,IHC 408,1995-1998,,BAE6741 BAE6741S,BPS14,
INTERNATIONAL,7600,CUMMINS M11 ,2003-2005,BLS3000,,BPS14,
INTERNATIONAL,9700,CUMMNINS NTC 300,1982-1988,BLS3000,BAE34B,BPS877,
INTERNATIONAL,FC35,V8  9.0Lt,1988,BLS38,BAE8004SR,BPS14 BPS15,
INTERNATIONAL,S1700,V8  6.9Lt,1995,BLS68,,BPS877 BPS33,
INTERNATIONAL,S1700S,DT496,1997,BLS38,BAE6741 BAE6741S,BPS14 BPS15,
INTERNATIONAL,S1800,467T,1982,BLS38,BAE6741 BAE6741S,BPS877,
INTERNATIONAL,S1900,DT496,1990,BLS90541188,BAE6741 BAE6741S,BPS14 BPS15,
INTERNATIONAL,Camion,,2010,,BAE3551819,,
ISUZU,BUSES,J07E-T,,,"BAE3360SR
BAE3360S",,
ISUZU,4BC-2,4BC-2 Diesel ,1986,BLS5E BLS518,,BPS1332,
ISUZU,ELF-250,4BD1,1990,BLS5E BLS518,,BPS2330,
ISUZU,ELF-250,4BC2,1984-1990,BLS5E BLS518,BAE6900,BPS2330,
ISUZU,ELF-250,4BA1,1985-1988,BLS5E BLS518,BAE6900,BPS2330,
ISUZU,ELF-250,ELF-250 ano 85-88,1985-1988,BLS5E BLS518,BAE6900,BPS2330,
ISUZU,ELF-250,4BD1,1980-1984,BLS518 BLE194,BAE1019,,
ISUZU,ELF-250,4BD1T,1988-1993,BLS5E BLS518,BAE1054,BPS2330,
ISUZU,ELF-350,4BC2,1984-1990,BLS5E BLS518,BAE6900,BPS2330,
ISUZU,ELF-350,4BA1,1985-1988,BLS5E BLS518,BAE6900,BPS2330,
ISUZU,ELF-350,4BD1,1980-1984,BLS518 BLE194,BAE1019,,
ISUZU,ELF-350,4BD1T,1988-1993,BLS5E BLS518,BAE1054,BPS2330,
ISUZU,ELF450,4BC2,1984-1990,BLS5E BLS518,BAE6900,BPS2330,
ISUZU,ELF450,4BA1,1985-1988,BLS5E BLS518,BAE6900,BPS2330,
ISUZU,ELF450,4BD1,1980-1984,BLS518 BLE194,BAE1019,,
ISUZU,ELF450,4BD1T,1988-1993,BLS5E BLS518,BAE1054,BPS2330,
ISUZU,FORWARD 1500,6HK1T,2013,,BAE185SR BAE185S1,,
ISUZU,FVR  ,6cil,1988,BLE208,BAE9014 BAE9014S,BPE29,
ISUZU,HCNH69,6 cil,,BLS700,,,
ISUZU,JOURNEY,6BD1,1980-1988,BLE208,BAE4972,BPE29,
ISUZU,JOURNEY,4BC2,1983-1993,BLS30N BLS518,BAE1019,BPS2330,
ISUZU,JOURNEY JB,ED35,1993 UP,BLS90541188,BAE1347,BPS354,
ISUZU,MARK,4cil  1.8Lt ,1981-1985,BLS682A,AE3760,,
ISUZU,MARK,4cil  1.5Lt  ,1981-1985,BLS682A,AE3760,,
ISUZU,NKR,4BC2,1980-1984,BLS5E BLS518,,,
ISUZU,NKR,4BE1,1985-1990,BLS518,BAE6900,BPS521,
ISUZU,NKR56,4BA1,1985-1988,BLS5E BLS518,BAE6900,BPS2330,
ISUZU,NPR,4HG1,1995-1999,BLS74A,,BPS2330,
ISUZU,NPR,4GH1,2000-2002,BLS74A,BAE1054,BPS521,
ISUZU,NPR,6BG1,1988 UP,BLS76,BAE9014 BAE9014S,,
ISUZU,NPR,6B1T,1993 UP,BLS76,,,
ISUZU,REWARD 400,,2014,,,BPE6103,
ISUZU,RODEA 4 WD,V6 3.1L FI. ,1991-1992,BLS111,AE773,,
ISUZU,TROOPER,2.2L diesel,,,,BPS521,
ISUZU,TROOPER,4JB1,1987-1992,BLS82,,BPS521,
IVECO,308,MWM    ,1980,BLS339,BAE22,,
IVECO,330.35,MWM    ,1980,BLS339,BAE517 BAE517S,,
IVECO,330.30N,MWM ,1980,BLS339,BAE5204 BAE5204S,,
IVECO,CAMIONETA PANEL,8140,2012,,BAE2215SR,,
IVECO,EUROCARGO 120E15,8060.25V,1999 UP,,BAE5544 BAE5544S,,BLE98
IVECO,EUROCARGO 160E21,8060.45V,1998-2006,,BAE5544 BAE5544S,,BLE98
IVECO,BUSES,Fiat,2009 up,BLS16015,BAE5544 BAE5544S,BPS2241,HWP90
JAC,HFC1063KR1,,2014,,BAE598,,
JAC,CITY HK673OK,DONG FENG 09067368,2009,,BAE513 BAE513S,,
JAC,CAMION 13 TON,HFC1131,2008-2009,,BAE510,,
JAC,CAMION,,2008,,BAE506SR,,
JAC,CAMION 6 TON,HFC1063K,2010,,BAE524,,
JAC,CAMION,,,,BAE526 BAE526S,,
JAC,CAMION,,,,BAE518SR,,
JAC,CAMION,,,,BAE523,,
JAC,CAMION 8 TON,HFC1083 FAW CA4DF2-13,2010,,BAE531SR BAE531S,,
JAC,CAMION,,,,BAE516 BAE516S,BPS8125339,HWP1329
JAC,CAMIONETA RURAL,CITY HK6730 K  DONG FENG 09067368,2009,BLS1002,BAE513 BAE513S,HWP0690,HWP523P
JAC,HFC1020  ,,2007-2009,BLS1100,BAE504,,
JAC,HFC1020K,YSD490Q,2007-2009,BLS1100,BAE504 BAE504S,HWP1251,
JAC,HFC1035,,,BLS200,BAE1054,BPS521,
JAC,HFC1040K,4cil  2.8Lt,2007-2009,BLS1446,BAE1054,,
JAC,HFC1061K,4cil 3.9Lt CY4102BZLQ,2007 UP,BLS1002,BAE504,HWP0694,
JAC,HFC1061K,4 Cil 3.9Lt,2007,BLS1002,BAE500,HWP0691,HWP523P
JAC,HFC1061L,4cil 3.9Lt,2007-2009,BLS1002,BAE500,HWP0694,
JAC,HFC1063K,4cil 3.9Lt CUMMINS  EQB125-20 TURBO,2009-2010,BLS8616,BAE524,HWP1251,HWP1280
JAC,HFC1075,,,BLS1001,BAE532 BAE532S,BPS521,
JAC,HFC1131K,6 cil 8.3Lt CUMMINS  C230-20 ,2008-2009,BLS3000,,BPS8125339,HWP1280
JAC,HFC113KR1,YUCHAI Y6108ZQ,2008-2010,BLS466634,BAE510,HWP0694,
JAC,HFC3072K,,2012,,BAE602,,
JAC,HFC4251 ,,2008,BLS76,,,HWP92P
JAC,HFC4251KR1,6cil  9.7 Lt  M43J2700070,2008,BLS466634,,,
JAC,HK6700,,2008-2009,BLS1100,BAE500,,
JAC,HK6700K2,4cil  3.8Lt ,2008-2009,BLS54,,,
JAC,HK6730K,4cil  3.9 Lt,2009 UP,,BAE542 BAE542S,,
JAC,HK6880K,G20JA700138,2008,BLS506,,HWP1251,
JAC,HK6880K  ,,2008,BLS506,,,
JAC,HQK6700 ,,2006,BLE78,,,
JAC,CAMION,,2009,,BAE594,,
JAC,CAMION,,2009,BLS1016,,,
JAC,CAMION,,2013,,BAE596SR,,
JAC,CAMION,,2014,,BAE585 BAE585S,,
JAC,CAMION,,2014,,BAE586 BAE586S,,
JBC,CAMION 6TON,,2011,BLS90541188,BAE528 BAE528S,BPS8125339,HWP523P
JBC,SY3040,,2011,BLS1100,BAE538 BAE538S,BPS8125339,HWP523P
JBC,CAMION,,2013,,BAE588,,
JEEP,CHEROKEE,4 cil. 2.5L ,1980-1983,BLS111,AE184,,
JEEP,CHEROKEE,4 cil.2.5L FI. ,1984-1985,BLS111,,,
JEEP,CHEROKEE,4 cil. 2.5L FI. ,1991-1995,BLS46,,,
JEEP,CHEROKEE,6 cil. 4.0L FI. ,1991-1995,BLS46,,,
JEEP,CHEROKEE,4 cil.2.1L,1985-1988,BLS1446,,,
JEEP,CHEROKEE,6 cil.4.0L FI. ,1987-1990,BLS1446,,,
JEEP,CHEROKEE ,4 cil.2.5L ,1987-1990,BLS1446,,,
JEEP,CHEROKEE MID SIZE,,1991-2001,BLS46,AE4383,,
JEEP,CHEWROKEE ,4 c.2.5L ,1986,BLS111,,,
JEEP,COMPASS,V6217 3.6Lt FI,2009,BLS1447,,,
JEEP,COMANCHE,2.5Lt  ,1991-2001,BLS46,AE4383,,
JEEP,COMANCHE,4 cil.2.5L ,1986,BLS111,,,
JEEP,COMANCHE,4 cil.2.5L ,1987-1990,BLS1446,,,
JEEP,COMANCHE,4 cil. 2.5L FI. ,1991-1995,BLS46,,,
JEEP,COMANCHE,6 cil. 4.0L FI. ,1991-1995,BLS46,,,
JEEP,COMANCHE,4 cil.2.1LTurbo ,1985-1988,BLS1446,,,
JEEP,COMANCHE,6 cil.4.0L FI. ,1987-1990,BLS1446,,,
JEEP,COMANCHE,6-4.0Lt FI ,1991-2001,BLS46,AE4383,,
JEEP,EAGLE,,,BLS1446,AE3373,,
JEEP,GRAND CHEROKEE,6cil. 4.0L ,1993-1996,BLS46,AE7440,,
JEEP,MODELOS ,4 cil. 2.2L ,1967-1971,,,,
JEEP,MODELOS ,4 cil. 2.5L ,1967-1969,BLS22,AE184,,
JEEP,MODELOS ,6 cil. 3.8L. ,1974-1979,BLS331,AE184,,
JEEP,MODELOS ,6 cil. 3.8L. ,1971-1973,BLS26,AE184,,
JEEP,MODELOS ,6 cil. 4.2L.,1980-1984,,AE184,,
JEEP,MODELOS ,V8 5.9L. ,1971-1974,BLS26,,,
JEEP,MODELOS ,V8 5.9L. ,1975-1983,BLS331,,,
JEEP,WAGONEER,4 cil .2.5L ,1986,BLS111,,,
JEEP,WAGONEER,4 cil.2.5L ,1987-1990,BLS1446,,,
JEEP,WAGONEER,  4 cil.2.5L FI. ,1984-1985,BLS111,,,
JEEP,WAGONEER,4 cil.2.1LTurbo ,1985-1988,BLS1446,,,
JEEP,WAGONEER,6 cil.4.0L FI. ,1987-1990,BLS1446,,,
JEEP,WAGONEER,6 cil. 4.2L ,1987-1990,BLS1446,AE184,,
JEEP,WRANGLER,4 cil. 2.5L FI. ,1987-1990,BLS1446,,,
JEEP,WRANGLER,4 cil.2.5L  ,1991-1995,BLS46,,,
JEEP,WRANGLER,6 cil. 4.0L. FI.,1991-1995,BLS46,,,
JEEP,WRANGLER,4cil  2.5Lt FI (P),1986-1995,BLS46,AE3373,,
JEEP,WRANGLER,6CIL 4.0 Lt Canada,1986-1995,BLS46,AE3373,,
JINBEI,CAMIONETA RURAL,,,BLS1003,BAE537,HWP0690,
JINBEI,HAISE,4cil ,2006-2009,,,BPS8125339,
JINBEI,SY1043DP,DONG FENG 4Cil CY4100 ZLQ 95HP,2008,,BAE528 BAE528S,,
JINBEI,SY1030DFH4,4cil  2.7Lt  KUNMING YUNNEI  490QZL,2009,,BAE538 BAE538S,,
JINBEI,SY1062DRY,CY4102BZ2Q,2009,BLS1002,,HWP0694,
JINBEI,SY3090BR1T,,2009,,,BPS8125339,
JINBEI,AB5TEBD,,2012,,BAE593,,
JMC,NKR ,,2008,,BAE503,BPS600,
KENWORHT,T300 ,CAT 3126,,BLS466634,BAE67SR,,
KENWORHT,T300 ,CUMMINS 8.3Lt,,BLS3000,BAE67SR,HWP1280,HFW2010
KENWORHT,T400A,CUMMNIS L10,,BLS3000,,,
KENWORHT,T800,CAT 3306,,BLS466634,,BPS877,
KENWORHT,T800,DETROIT 11.1 Lt,1993,BLS471392,,BPS96 BPS97,
KIA,1.3GTX,4cil B6 ,1994-1997,BLS818,,,
KIA,1.6GTX,4cil  B6 ,1994-1997,BLS818,,,
KIA,B6,B6 ,1994-1997,BLS818,,,
KIA,BESTA,2.7 Lt ,1995,BLS604A,,BPS570,
KIA,BESTA 3V-VAN,,1997,BLS518 BLS519,BAE1120,,
KIA,BESTA MICROBUS,Motor diesel,1985-1990,BLS518 BLS519,BAE1121,BPS521,
KIA,BESTA MICROBUS,Motor diesel,1992 up,BLS518 BLS519,BAE1120,BPS521,
KIA,BESTA PICK UP ,4cil  Diesel Corea,,BLS21,BAE86,,
KIA,BOXER,ZB 6cil,,BLS270,BAE4972,BPS829,
KIA,CARENS,1.8 lt 16V,2000,BLS3006,,,
KIA,CARENS,2.5 lt,1999,BLS3007,,,
KIA,CARNIVAL,2.7 lt  ,2006,BLS3006,,,
KIA,CARNIVAL LS/GS ,2.9 lt TDI ,1999,BLS604,,BPS570,
KIA,CERATO,4 cil 1.6lt ,2004,BLS818,,,
KIA,CERATO,4 cil 2.0 lt ,2004,BLS818,,,
KIA,"CERES(2WD,4WD) K 2400",,,BLS270,BAE86,BPS521,
KIA,K-2400,4cil,1992 UP,BLS270,BAE86,BPS521,
KIA,K2700,J2 4cil,1997 UP,BLS270,,BPS570,
KIA,K-2700,4 cil,2006,BLS604,BAE8114,BPS521,
KIA,K-3000 ,,2005 UP,BLS604,BAE8114,BPS521,
KIA,K-3000S,,1992 UP,,BAE1347,BPS357,
KIA,K-3500,,1992 UP,,BAE1347,BPS357,
KIA,K-3600,,1992 UP,,BAE1347,BPS357,
KIA,MASTER BONGO E-2200,,1992,BLS519,,BPS265,
KIA,OPTIMA,4 cil 2.4lt ,2001-2006,BLS818,,,
KIA,OPTIMA,6Cil 2.7LT ,2005-2008,BLS3006,,,
KIA,OPTIMA ,4cil 2.4lt  ,2007-2008,BLS818,,,
KIA,OPTIMA ,4cil 2.4lt  ,2001-2006,,AE2052G,,
KIA,PICANTO,3 cil  1.0 Lt,2014  up,BLS3007,AE2586,,
KIA,PICANTO,G4HE  3 cil  1.0 Lt,2004-2010,BLS3006,,,
KIA,PICANTO,G3LA   3 cil  1.0 Lt,2012-2017,BLS3006,,,
KIA,PICANTO,G4HG   3 cil  1.0 Lt,2004-2011,BLS3006,,,
KIA,PICANTO,G4LA   3 cil  1200cc,2012-2017,BLS3006,,,
KIA,PREGIO,D4BH 2500cc,2002-2005,BLS604A,BAE192SR,BPS521,
KIA,PREGIO,4 cil 2700cc,1997-1999,,,BPS570,
KIA,PRIDE,1.1L,1994,BLS818,AE636,,
KIA,PRIDE  MINI BUS,,,,AE50,,
KIA,PRIDE BETA , 4 cil.1.3L ,1994,BLS51,AE636,,
KIA,RIO,4GEE 4 cil  1.4Lt,2006-2012,BLS818,AE2053G,,
KIA,RIO,4cil 1200cc,2015 up,BLS3006,,,
KIA,RIO,G4FA 4cil 1400cc,2008-2012,BLS818,,,
KIA,RIO,G4FA 4cil 1400cc,2012-2016,BLS818,,,
KIA,RIO,G4LC 4cil 1400cc,2014 up,BLS3006,,,
KIA,RIO,G4FD 4cil 1400cc,2016 up,BLS818,,,
KIA,RIO,G4-ED  4cil 1600cc,2006-2012,BLS818,AE2053G,,
KIA,RIO,D4FA   4cil 1500cc,2005 up,,AE2053G,,
KIA,SEPHIA II,1.8Lt ,1998,BLS3006,,,
KIA,SEPHIA SLX,4cil B6 ,1994-1997,BLS818,,,
KIA,SORENTO,V6 3.5lt ,2003-2006,BLS682A,,,
KIA,SORENTO,G4JSG 4cil 2400CC,2003-2006,BLS818,,,
KIA,SORENTO,G4KE  4cil 2400CC,2009-2014,BLS818,,,
KIA,SORENTO,G4KE  4cil 2400CC,2015 up,BLS818,,,
KIA,SORENTO,G6DB   6cil 3300CC,2006-2009,BLS818,,,
KIA,SORENTO,G6CU   6cil 3500CC,2002-2009,BLS818,,,
KIA,SOUL,G4FC 4cil 1600CC,2009  up,BLS818,,,
KIA,SPECTRA,4cil 2.0lt ,2007-2008,BLS818,,,
KIA,SPORTAGE ,,1994-1997,BLS518 BLS519,,BPS570,
KIA,SPORTAGE ,,1994,BLS3007,,,
KIA,SPORTAGE ,G4NA  4cil  2000cc,2014-2016,BLS818,,,
KIA,SPORTAGE ,G6BA  4cil  2700cc,2004-2010,BLS260,,,
KIA,TRADE ,,1998,BLS833,BAE1347,BPS265,
KING LONG,GNV,CUMMINS,2012,BLS3000,BAE591 BAE591S,,
KING LONG,GNV,CUMMNIS,2009 up,,,,HWP91P
KING LONG,GNV,CUMMNIS ,2010 up,BLS615,BAE591 BAE591S,,
KIPOR,MOTORES,,,,AE34,,
KIPOR,MOTORES,,2009,,AE20,,
KIPOR,MOTORES,,,,AE30A,,
KIPOR,MOTORES,,,,AE34,,
KIPOR,KAMA  8HP,,,,AE34,,
KIPOR,KDE19EA,,2009,,AE20,,
KIPOR,KGE12E,,2009,,AE21,,
KOHLER,ESTACIONARIO   7HP,,,,AE5119,,
KOHLER,ESTACIONARIO   7HP,,,,AE5120,,
KOHLER,ESTACIONARIO   8.5HP,,,,AE5121,,
KOHLER,ESTACIONARIO   ,,,,AE5122,,
KOHLER,ESTACIONARIO   ,,,,AE5123,,
KOHLER,ESTACIONARIO  6HP,,,,AE5124,,
KOHLER,ESTACIONARIO  9.5HP,,,,AE5125,,
KOHLER,LPA/TR,,,,AE5126,,
KOHLER,K241,,,,AE7138,,
KOHLER,K321,,,,AE7138,,
KOHLER,K330,,,,AE5116E,,
KOHLER,K331,,,,AE5116E,,
KOHLER,K341 S,,,,AE7138,,
KOHLER,K341 S,,,,AE5117,,
KOHLER,K400,,,,AE5117,,
LADA,1500,4 cil. ,1992,BLS650,AE660,,
LADA,1600,4 cil. ,1993,BLS650,AE661,,
LADA,1300 SEDAN,,,BLS650,AE660,,
LADA,FORZA 2106,4 Cil,1994-1995,BLS650,AE660,,
LADA,NIVA 4X4,4 Cil,1981-1988,BLS650,AE660,,
LADA,POLSKI,4 Cil,1988,BLS650,AE660,,
LADA,SAMARA,4cil  1.3 Lt ,1987-1988,BLS650,AE660,,
LADA,SAMARA 4,1.3L ,1987-1988,BLS1206,AE661,,
LADA,SIGNET, 4cil  1.3 Lt ,1984-1988,BLS650,AE660,,
LADA,STYLO 21053,,,BLS650,AE660,,
LADA,SW,,,BLS650,AE660,,
LIFAN,520,4cil  1.3Lt,2007  UP,BLS1079,AE904,,
LIFAN,520,4cil  1.3Lt,2013 UP,BLS1079,AE913,,
LIFAN,520,4 Cil,2014,BLS3008,,,
LIFAN,520,4 cil 1.3 Lt,2012,,AE913,,
LISTER PETTER,ALPH 0,,,,AE5118,,
LISTER PETTER,AD2 0,,,,AE5118,,
LISTER PETTER,LPW2 0,,,,AE5118,,
LISTER PETTER,LPW3 0,,,,AE5118,,
LISTER PETTER,P600/2 0,,,,AE5118,,
LISTER PETTER,P600/3 0,,,,AE5118,,
LISTER PETTER,P600TS 0,,,,AE5118,,
LISTER PETTER,TR1 0,,,,AE5118,,
LUVKBLIC,MINI VAN,,,,AE2025,,
MAHINDRA,PICK UP,,,BLS-1007,,,
MAZDA,323 FAMILIA,4 cil. Japon,1988,BLS21,,,
MAZDA,323 SEDAN,4 cil. 1.6L FI.,1986-1989,BLS682A,,,
MAZDA,323 SEDAN ,diesel europeo,,BLS682A,,BPS521,
MAZDA,323 SEDAN ,4 cil. 1.6L FI.,1990-1997,BLS3006,,,
MAZDA,323 SEDAN Y SW,,1990,BLS24,AE323,,
MAZDA,"626,MX6",4 cil. 2.2L. FI.,1989,BLS3006,,,
MAZDA,"626,MX6", 4 cil. 2.2L.FI. ,1990-1992,BLS3006,,,
MAZDA,"626,MX6", 4 cil. 2.0L.FI. ,1993,BLS3006,,,
MAZDA,929,V6 3.0L. FI. ,1992-1995,BLS3006,,,
MAZDA,B-1600 ,4 cil. 1.6L ,1975-1976,BLS21,,,
MAZDA,B-1800 ,4 cil. 1.8L ,1977-1978,BLS21,,,
MAZDA,B-2000 ,4 cil. 2.0L. ,1979-1981,BLS21,,,
MAZDA,B-2000 ,4 cil. 2.2L  gasolina,1989-1997,BLS79,,,
MAZDA,B-2200,4 cil. 2.2L USA,1982-1985,BLS682A BLS518,,BPS265,
MAZDA,B2400 ,Diesel ,1995,BLS604A,,,
MAZDA,B-2500 ,4 Cil  ,1997-1998,BLS604,,BPS265,
MAZDA,B-2600 ,4 cil.2.6L ,1987-1988,BLS682A,,,
MAZDA,B-2600I,4 cil. 2.6L FI.,1989,BLS3007,,,
MAZDA,B-3,B-3 Japon,1988,BLS21,,,
MAZDA,AUTOS,,2013,BLE2808,,,
MAZDA,BONGO,F8  1.8 Lt,1986-1995,BLS3007,,,
MAZDA,BONGO,F8  1.8 Lt,1996-2000,BLS3006,,,
MAZDA,BONGO,F8  1.8 Lt,2003 UP,BLS3006,,,
MAZDA,BONGO,R2  2.2Lt,1993-1996,BLS82,,BPS521,
MAZDA,BONGO,R2  2.2Lt,1997-1999,BLS82,,,
MAZDA,BONGO,R2  2.2Lt,2000-2003,BLS604,,,
MAZDA,BONGO 2003,,2003 up,,BAE191,,
MAZDA,CAPELLA SEDAN ,4 cil. Japon,1989,BLS682A,,BPS521,
MAZDA,DEMIO, 1.5 lt  ,1997-2005,BLS3006,,,
MAZDA,DEMIO,1.3 lt ,1997-2005,BLS3006,,,
MAZDA,E1600,4cil,1999,BLS519,,,
MAZDA,FAMILIA,1.5Lt,1986-1988,BLS51,,,
MAZDA,FAMILIA,1.6 Lt ,1986-1988,BLS52,,,
MAZDA,FAMILIA,1.6L B6,1989 -1990,BLS3006,,,
MAZDA,FAMILIA, 4 cil.,1990,BLS82,AE2360,,
MAZDA,L1300,4 cil  1.3Lt,1999,BLS21 BLS518,BAE1347,BPS304,
MAZDA,L-1600 ,4 cil. gasolinero,,BLS519,,,
MAZDA,MIATA,4cil  1.8Lt  FI  ,1990-1997,BLS51,,,
MAZDA,MILENIA,V6  2.5Lt  FI  ,1995-2000,BLS3007,,,
MAZDA,MX-5,4cil  1.8Lt  FI ,1990-1997,BLS51,,,
MAZDA,PROBE,4cil  2.2Lt FI  ,1989-1992,BLS21,,,
MAZDA,PROTEGE,4 cil. 1.8L. ,1990-1994,BLS51,,,
MAZDA,RX-7, 1.3L.FI. ,1986-1992,BLS682A,,,
MAZDA,RX-7,1.3L.FI. ,1993-1996,BLS51,,,
MAZDA,T3000,,1995,BLS802A,BAE1347,BPS150,
MAZDA,T350,SL2,1995,BLS802A,,BPS304,
MAZDA,T3500,,1989-1995,BLS802A,BAE1347,,
MAZDA,TITAN ,XA  2.5Lt,1989-1995,BLS802A,,BPS304,
MAZDA,TITAN ,SL(T),1989-1995,BLS802A,,BPS304,
MAZDA,TITAN ,VS  3.0Lt,1995 UP,BLS802A,,BPS304,
MAZDA,TITAN ,HA  3.0Lt,1989-1995,BLS802A,,BPS304,
MAZDA,TITAN ,SL  3.5Lt,1989-1995,BLS802A,,BPS304,
MAZDA,TITAN ,SL(T),1989-1995,BLS802A,,BPS304,
MAZDA,TITAN ,TF 4.0Lt,1990 UP,BLS802A,,BPS304,
MAZDA,TORNADO ,2.5Lt  Diesel  ,1997,BLS604A,,,
MAZDA,CAMION   ,WL2500D diesel ,1997-1998,BLS604,,BPS265,
MAZDA,CAMION   , RF-2diesel Japon,1989,BLS682A,,BPS521,
MAZDA,CAMION   ,E5E ,1986-1988,BLS52,,,
MAZDA,CAMION,PM 8  Diesel,,BLS73,,,
MERCEDES BENZ,1721,OM366LA,1996-1998,BLE52,,,BLE98
MERCEDES BENZ,1720A,OM366LA,1982,BLS1259,,,
MERCEDES BENZ,1720K,OM366A,1996 UP,BLS1259,,,
MERCEDES BENZ,1721,OM366 A / LA,200 UP,BLS1259,BAE27902SR BAE27902S,,
MERCEDES BENZ,1722,OM904,200 UP,,BAE27902SR BAE27902S,,
MERCEDES BENZ,190E,4cil  2.3Lt FI  ,1986-1987,BLE71,,,
MERCEDES BENZ,190E,4cil  2.3Lt FI ,1985-1993,BLS561,,,
MERCEDES BENZ,260E,6cil  2.6Lt  FI  ,1987-1989,BLS561,,,
MERCEDES BENZ,280CE,6cil  2.8Lt ,1977-1980,BLE932,,,
MERCEDES BENZ,280E,6cil  2.8Lt ,1977-1980,BLE931,,,
MERCEDES BENZ,280SE, 6cil  2.8Lt,1977-1980,BLE933,,,
MERCEDES BENZ,300E,6cil  3.0Lt  FI ,1986-1991,BLS561,,,
MERCEDES BENZ,300SE,6cil  3.0 Lt  FI ,1988-1991,BLS561,,,
MERCEDES BENZ,300SEL,6cil  3.0 Lt  FI ,1988-1991,BLS561,,,
MERCEDES BENZ,BUSES,OM355A,1990,,BAE517 BAE517S,BPE107 BPE107S,
MERCEDES BENZ,BUSES,OM355LA,1990,,BAE517 BAE517S,BPE107 BPE107S,
MERCEDES BENZ,BUSES,OM356ALA,1990,,BAE517 BAE517S,BPE107 BPE107S,
MERCEDES BENZ,BUSES,OM366,1990,,BAE5204 BAE5204S,BPE107 BPE107S,
MERCEDES BENZ,BUSES,OM366A,1990,,BAE5204 BAE5204S,BPE105 BPE105S,
MERCEDES BENZ,BUSES,OM366LA,1990,,BAE5204 BAE5204S,BPE105 BPE105S,
MERCEDES BENZ,BUSES,OM355,1990,,BAE517 BAE517S,BPE107 BPE107S,
MERCEDES BENZ,BUSES,OM449  BRASIL,1992 UP,,BAE517 BAE517S,BPE105 BPE105S,
MERCEDES BENZ,L1113,OM352,1979-1996,BLE5,BAE5204 BAE5204S,BPE105 BPE105S,
MERCEDES BENZ,L1114 ,OM352,1979-1996,BLE5,BAE5204 BAE5204S,BPE105 BPE105S,
MERCEDES BENZ,L1118,OM352,1979-1996,BLE5,BAE5204 BAE5204S,BPE105 BPE105S,
MERCEDES BENZ,L1313,OM352,1979-1996,BLE5,BAE5204 BAE5204S,BPE105 BPE105S,
MERCEDES BENZ,L1514,OM352,1979-1996,BLE5,BAE5204 BAE5204S,BPE105 BPE105S,
MERCEDES BENZ,L1721,,2012,BLS1259,BAE27902SR BAE27902S,HWP90P,
MERCEDES BENZ,L812,,2012,BLE314,BAE283 BAE283S,,
MERCEDES BENZ,L1941,OM447LA,1990-1996,BLE53,BAE3194,BPE105 BPE105S,BLE98
MERCEDES BENZ,L2013,OM352,1979-1996,BLE5,BAE5204 BAE5204S,BPE105 BPE105S,
MERCEDES BENZ,L2213,OM352,1979-1996,BLE5,BAE5204 BAE5204S,BPE105 BPE105S,
MERCEDES BENZ,L2318  ,OM366A,1995,BLE52,BAE5204 BAE5204S,BPE105 BPE105S,
MERCEDES BENZ,L2635,OM447LA,1990-1996,BLE53,BAE3194,BPE105 BPE105S,BLE98
MERCEDES BENZ,L709/37,OM364,1994,BLE314,BAE166,BPE105 BPE105S,
MERCEDES BENZ,LK-2325,OM449  BRASIL,1992 UP,,BAE517 BAE517S,BPE105 BPE105S,
MERCEDES BENZ,LS1935,OM447LA,1990-1996,BLE53,BAE3194,BPE105 BPE105S,BLE98
MERCEDES BENZ,SPRINTER,OM611LA II,2001-2004,,BAE2204,,
MERCEDES BENZ,SPRINTER ,motor  Petrolero ,1996-1998,BLS27,,BPS48,
MERCEDES BENZ,SPRINTER ,motor  Gasolinero ,2006,BLE55,,,
MITSUBISHI,CANTER,4D56 Diesel  ,1997,BLS604A,,BPS521,
MITSUBISHI,CANTER,4D31,1982-1985,BLS833 BLS838,BAE1201,BPS68,
MITSUBISHI,CANTER,4D31T,1982-1985,BLS833 BLS838,BAE1201,BPS68,
MITSUBISHI,CANTER,4D30,1985-1993,BLS833 BLS838,BAE1201,BPS68,
MITSUBISHI,CANTER,4D31T,1986-1989,BLS833 BLS838,BAE1201,BPS68,
MITSUBISHI,CANTER,4D31T,1990-2000,BLS833 BLS838,BAE1205,BPS68,
MITSUBISHI,CANTER,4D34,2005 UP,BLS9604,,,
MITSUBISHI,CANTER FE 317,4D33,1989-1991,BLS833 BLS838,BAE1201,BPS68,
MITSUBISHI,CANTER FE 649,4D34T,1994-2000,BLS9604,BAE1207SR,BPS68,
MITSUBISHI,CANTER FE307  ,4D33,1989-1991,BLS833 BLS838,BAE1201,BPS68,
MITSUBISHI,CANTER FE337,4D33,1989-1991,BLS833 BLS838,BAE1201,BPS68,
MITSUBISHI,CANTER FE639,4D34T,1994-2000,BLS9604,BAE1207SR,BPS68,
MITSUBISHI,COLT, 4 cil. ,1988,BLS519,AE342G,,
MITSUBISHI,COLT-VISTA,G63-B,1987,BLS519,AE323,,
MITSUBISHI,CORDIA,4cil 1.8Lt,1984-1988,BLS260,,,
MITSUBISHI,DAKAR PICK-UP,motor diesel,2001,BLS604A,,BPS521,
MITSUBISHI,DELICA,1.4Lt ,1986-1993,BLS682A,,,
MITSUBISHI,DELICA,2.0Lt ,1994,BLS3007,BAE1222,,
MITSUBISHI,DELICA,2.5Lt,1986,BLS604A,BAE1222,BPS521,
MITSUBISHI,DELICA ,1.6Lt ,1994,BLS3007,BAE1222,,
MITSUBISHI,ECLIPSE,"4 cil. 1,8L ",1990-1992,BLS260,BAE2010,,
MITSUBISHI,ECLIPSE,4 cil 2.0L.FI.Turbo ,1993-1994,BLS3007,BAE2010,,
MITSUBISHI,ECLIPSE,4 cil. 2.0 Lt FI. Turbo ,1995-1999,BLS3007,,,
MITSUBISHI,ECLIPSE,V6  3.0Lt  FI  ,2000,BLS260,,,
MITSUBISHI,EXPO,4cil  2.4Lt  FI,1992-1993,BLS260,,,
MITSUBISHI,EXPO,4cil  2.4Lt  FI ,1994-1995,BLS3007,,,
MITSUBISHI,FUSO,6D16,1989-1991,BLS4013,BAE3602,BPS829,
MITSUBISHI,FUSO,6D22,1988-1995,BLE1900 BLE1890,BAE1862 BAE1862S,BPS544,
MITSUBISHI,FUSO,FD440 INTERCOOLER,1990,BLS833 BLS838,BAE3602,BPS829,
MITSUBISHI,FUSO,FD140 4M50 0,2010,,,BPE2135,
MITSUBISHI,FUSO,FD145 4M 50 0,2010,,,BPE2135,
MITSUBISHI,FUSO,FD180 4M 50 0,2010,,,BPE2135,
MITSUBISHI,FUSO FIGHTER ,6D14,1986-1990,BLE312,BAE3602,BPS829,
MITSUBISHI,FUSO FIGHTER ,6D15,1989 UP,BLS4013,,BPS68,
MITSUBISHI,FUSO FK,6D14,1992-1995,BLS4013,,BPS68,
MITSUBISHI,FUSO ,FK 200,2008,,,BPE2136,
MITSUBISHI,FUSO ,FK 61F,2008,,,BPE2136,
MITSUBISHI,FUSO FM,6D14(T),1984-1987,BLE312,,BPS829,
MITSUBISHI,FUSO FM-515,6D14,1992 UP,,BAE3603 BAE6303S,BPS829,
MITSUBISHI,GALANT,"4 cil 2,0L ",1981,BLS519,,,
MITSUBISHI,GALANT,4 cil  2.0Lt FI.,1989-1992,BLS260,BAE2010,,
MITSUBISHI,GALANT,4 cil. 2.0Lt,1993,BLS3007,BAE2010,,
MITSUBISHI,GALANT,4 cil.  2.4 Lt,1994-2000,BLS3007,,,
MITSUBISHI,GALANT,4 cil.  2.5Lt  FI. ,1994-2000,BLS3008,,,
MITSUBISHI,L-100,gasolinero,,BLS519,,,
MITSUBISHI,L-200,gasolinero,,BLS519,,,
MITSUBISHI,L-200  ,4D-55 diesel,1994,BLS604,BAE1052,BPS521,
MITSUBISHI,L-200  ,4D-56diesel ,1997,BLS604A,BAE6901,BPS521,
MITSUBISHI,L-200  ,gasolinero,1997,BLS3007,,,
MITSUBISHI,L-200  ,4D56  4cil  2500cc,2008-2011,BLS604,AE1500A098,BPS305,
MITSUBISHI,L-200  ,4D56  4cil  2500cc,2012-2015,BLS9604,AE1500A098,BPE90100,
MITSUBISHI,L-200  ,4M41   3200cc,2008-2011,BLS9604,AE1500A098,BPS305,
MITSUBISHI,LANCER,1.3L ,1997,BLS3007,,,
MITSUBISHI,LANCER,"1,6L ",1997,BLS3007,,,
MITSUBISHI,LANCER,1.5Lt,1989-2000,BLS682A,,,
MITSUBISHI,LANCER,2.0Lt,1992-1995,BLS604A,,BPS570,
MITSUBISHI,LANCER ,4 cil.  ,1987,BLS1445,AE6157,,
MITSUBISHI,LANCER SW ,4 cil. 1.8L,1990,BLS604A,,,
MITSUBISHI,LIBERO,1.3Lt ,1992 up,BLS3007,,,
MITSUBISHI,LIBERO,2.0Lt  DE    ,1992,BLS604A,BAE2010,BPS570,
MITSUBISHI,MIRAGE,4cil  1.3Lt,1989-1992,BLS260,,,
MITSUBISHI,MIRAGE,4cil  1.3Lt  FI ,1993-1996,BLS3007,,,
MITSUBISHI,MIRAGE,4cil  1.6Lt ,1993-1996,BLS3007,,,
MITSUBISHI,MIRAGE,4cil  1.8 Lt  FI,1993-1996,BLS3007,,,
MITSUBISHI,MIRAGE ,4cil  1.5Lt ,1993-1996,BLS3007,,,
MITSUBISHI,MONTERO,4 cil.  2.6Lt  ,1984-1989,BLS260,,,
MITSUBISHI,MONTERO,V6  3.0Lt  FI  ,1989-1991,BLS260,BAE2010,,
MITSUBISHI,MONTERO,"V6 3,5L F.I ",1994-2000,BLS260,,,
MITSUBISHI,PAJERO,4 cil. 2.3 Lt,1983-1985,BLS1445,,BPS521,
MITSUBISHI,PAJERO,2.5Lt    ,1986,BLS260,,BPS521,
MITSUBISHI,PAJERO, 2.8Lt,1993,BLS9604,,BPS521,
MITSUBISHI,PRECIS,4 cil. 1.5L ,1988-1993,BLS260,BAE2010HD,,
MITSUBISHI,ROSA,6DR51,1979-1982,BLE2030,BAE1206,BPE25,
MITSUBISHI,ROSA,6DR51,1983-1986,BLE2030,BAE1206,BPS68,
MITSUBISHI,ROSA,4D31T,1983-1989,BLS833 BLS838,BAE1205,BPS68,
MITSUBISHI,ROSA,4D30,1985,BLS833 BLS838,BAE1201,BPS68,
MITSUBISHI,ROSA,4D30,1993,BLS833 BLS838,BAE1205,BPS68,
MITSUBISHI,ROSA,4D31T,1993,BLS833 BLS838,BAE1205,BPS68,
MITSUBISHI,ROSA,4D32,1986-1995,BLS833 BLS838,BAE1201,BPS68,
MITSUBISHI,ROSA,4D33,1989-1993,BLS833 BLS838,BAE1205,BPS68,
MITSUBISHI,SAPPORO 2000,,,BLS519,,,
MITSUBISHI,STARION,4 cil. 2.6L FI. turbo ,1983-1989,BLS260,,,
MITSUBISHI,TREDIA,4 cil  1.8Lt ,1984-1988,BLS260,,,
MITSUBISHI,TREDIA, 4 cil  2.0 Lt ,1984-1988,BLS261,,,
MODASA,AGRALE,,2000,,BAE5627SR BAE5627S,,
MODASA,AGRALE,,2006,,BAE5628SR BAE5628S,,
MODASA,AGRALE MA  8.5 T,,2000,,BAE5627SR BAE5627S,,
MODASA,AGRALE MA 12.0 ,,2006,,BAE5628SR BAE5628S,,
MODASA,AGRALE MA 8.5(ETRONIC),,2005,,BAE5628SR BAE5628S,,
MODASA,AGRALE MA 9.2(ETRONIC),,2006,,BAE5628SR BAE5628S,,
MUDAN,CAMION,,2008,,BAE532,,
NISSAN,100X,GA16DE   ,1996 UP,,AE2016G,,
NISSAN,AD  ,GA13DS,1990-1995,BLS916,AE2001,,
NISSAN,AD  ,SR13DS,1993-1998,BLS916,AE2001,,
NISSAN,AD  ,GA15DS,1990-1995,BLS916,AE2001,,
NISSAN, ATLAS 200 ,FD33,,BLS90541188,BAE1347,BPS2330,
NISSAN,ATLAS,ED33,,BLS90541188,BAE1347,BPS2330,
NISSAN,ATLAS,ED30,,BLS38,BAE1054,BPS2330,
NISSAN,ATLAS,TD25,1995-1999,BLS29,,BPS354,
NISSAN,ATLAS  ,FD35,,BLS38,BAE1054,BPS2330,
NISSAN,ATLAS JUNIOR  ,ED33,1989-1990,BLS29,BAE1347,BPS354,
NISSAN ,A-10S,A-14,,BLS916,AE145G,,
NISSAN ,AD WAGON SW,CD-17 ,1989-1990,BLS916,BAE6902,BPS354,
NISSAN ,ALTIMA,2.4 Lt  ,1993-1996,BLS916,AE462G,,
NISSAN ,AVENIER,1.6 Lt    90-up,1990,BLS916,,,
NISSAN ,AVENIER,1.8Lt,1990-1993,BLS3005,,,
NISSAN ,AVENIER,2.0 Lt,1990-1994,BLS3005,AE462G,,
NISSAN ,AVENIER,CD-17 diesel ,1991-1993,BLS29,AE462G,BPS354,
NISSAN ,AVENIER,CD-20 diesel ,1991-1993,BLS29,AE462G,BPS354,
NISSAN ,AVENIR,CD20T  Diesel,1993 up,BLS54,AE462G,BPS354,
NISSAN ,BLUE BIRD,1.8Lt ,1996,BLS3005,AE462G,,
NISSAN ,BLUE BIRD SW,2.0Lt,1190-1991,BLS54,AE462G,BPS354,
NISSAN ,BLUEBIRB,CD20 ,1190-1991,BLS54,AE462G,BPS354,
NISSAN ,BLUEBIRD,"4cil, 1,6 L",1983-1987,BLS916,,,
NISSAN ,BLUEBIRD,GA16DS,1983-1987,BLS916,AE1100,,
NISSAN ,BLUEBIRD,CA18S ,1983-1987,BLS916,AE1100,,
NISSAN ,BLUEBIRD,1.8Lt ,1989-1991,BLS3005,,,
NISSAN ,BLUEBIRD,1.8Lt ,1992-1996,BLS3005,AE462G,,
NISSAN ,BLUEBIRD,"SR18DE, 2.0Lt",1992-1996,BLS3006,AE462G,,
NISSAN ,BLUEBIRD,"SR18DE, 2.0Lt  ",1996,BLS3005,AE462G,,
NISSAN ,BLUEBIRD SW,LD-20 II,1190-1991,BLS54,AE462G,BPS354,
NISSAN,CABALL,LD28,,BLS29,BAE1347,HWP1212,
NISSAN,CABALL,H20,1990,BLS916,BAE6902,,
NISSAN,CABALL,Z20,1990,BLS916,BAE6902,,
NISSAN,CABALL,C340,,BLS9,BAE6900,,
NISSAN,CAMION,CABSTAR,,BLS38,,BPS354,
NISSAN ,CARAVAN,LD-20T-II ,1987,BLS54,BAE1222,BPS354,
NISSAN ,CARAVAN,SD-23,1985-1986,BLS15,BAE6900,BPS2330,
NISSAN ,CARAVAN,TD-23 ,1986-1990,BLS15,BAE1222,BPS354,
NISSAN ,CARAVAN, Z20 ,1980-1995,BLS916,BAE6902,BPS354,
NISSAN ,CARAVAN, H20 ,1980-1982,BLS916,BAE6902,,
NISSAN,CIVILLIAN ,ED30,,BLS38,BAE1054,BPS2330,
NISSAN,CIVILLIAN H20,SD22  ,,,BAE6902,,
NISSAN,CIVILLIAN ,ED33,1985-1987,BLS90541188,BAE1347,BPS355,
NISSAN,CIVILLIAN ,FD33,1985-1987,BLS90541188,BAE1347,BPS355,
NISSAN,CIVILLIAN ,ED33,1988,BLS29,BAE1347,BPS354,
NISSAN,CIVILLIAN ,ED35,1990-1999,BLS90541188,BAE1347,BPS354,
NISSAN,CIVILLIAN ,TD42,1989,BLS29,BAE1054,BPS354,
NISSAN,CIVILLIAN ,TD43,1989,BLS29,BAE1054,BPS354,
NISSAN,CM-80,FD6,,BLS506,,BPE25,
NISSAN,CM-80,FD6T,,BLS506,,BPE25,
NISSAN,CONDOR,M200,1988,BLS506,BAE9014 BAE9014S,BPS355,
NISSAN,CONDOR,FE6,1988,BLS506,BAE9014 BAE9014S,BPS355,
NISSAN,CONDOR,FE6A,1988,BLS506,BAE9014 BAE9014S,BPS355,
NISSAN,CONDOR,FE6T,1996,BLS506,BAE9014 BAE9014S,BPS877,
NISSAN,CONDOR,TD42,1998,BLS29,BAE1054,BPS355,
NISSAN,CONDOR,TD42,1998,BLS29,BAE1054,BPS355,
NISSAN,ECO-140,FE6-BTA,1995,BLS76,BAE5544 BAE5544S,BPS877,
NISSAN,CAMION,,1990,,BAE204,,
NISSAN,PICK UP, Z20,1990,,AE1100,,
NISSAN ,200,1.6L F.I. ,1995-1996,BLS916,AE462G,,
NISSAN ,240,2.4L FI. ,1989-1996,BLS916,AE462G,,
NISSAN ,200-SX,4 cil. 1.8L F.I. ,1986-1988,BLS916,AE4615,,
NISSAN ,AUTOS,CA-20 ,1986-1988,BLS916,AE4615,,
NISSAN ,CD17, c/m  CD17  90-94,1990-1994,BLS54,AE462G,BPS354,
NISSAN ,CEDRIC,L28,1981,BLS29,AE146,,
NISSAN ,CEDRIC,2.0Lt ,1983-1995,BLS916,AE1100,,
NISSAN ,CEDRIC,CA20S,1983-1995,BLS916,AE1100,,
NISSAN ,CHERRY F10,A-10S,1987,BLS916,AE145G,,
NISSAN ,CHERRY F10, A-12S,1989,BLS916,AE145G,,
NISSAN ,CIVILIAN,ED-30 diesel,1988,BLS38,,BPS2330,
NISSAN ,CIVILIAN,ED-33 diesel ,1988,BLS15,BAE1347,BPS354,
NISSAN ,D21,NA-20,1995,BLS916,AE370,BPS354,
NISSAN ,E-16, motor E-16 diesel ano 91,1991,BLS916,AE145G,BPS571,
NISSAN ,FIERA 200 ,TD-27,1993 up,BLS916,AE370,BPS571 BPS356,
NISSAN ,FIERA ,KA-24S,1996,BLS3001,AE370,,
NISSAN ,FIERA ,Z20,1986 up,BLS29,AE370,,
NISSAN ,FIERA ,Z-24S,1896 up,BLS29,AE370,,
NISSAN ,FRONTIER, ZD 3.0 DI ,2000,BLE2200,AE8306,BPS571 BPS356,
NISSAN ,GS16D,GS16DS  Diesel  ,1990,BLS916,,,
NISSAN ,HOMY ,LD-20,1983 - 1986,BLS29,BAE6902,BPS571,
NISSAN ,HOMY ,LD-20T ,1983 -1986,BLS29,BAE6902,BPS571,
NISSAN ,HOMY ,TD-23 ,1988 - 1995,BLS29,BAE1222,BPS354,
NISSAN ,LAUREL,CA18i 1.8Lt,1989 - 1993,BLS916,,,
NISSAN ,LAUREL,SR18DE 1.8 Lt ABS,1990 - 1994,BLS3005,AE462G,,
NISSAN ,LAUREL,CD17,1990 -1994,BLS54,AE462G,BPS354,
NISSAN ,LAUREL,CD17 1.7 Lt,1985-1990,BLS29,AE462G,BPS354,
NISSAN ,LAUREL ,RD-28 2.8L 6cil,1989 - 1991,BLS54,,BPS354,
NISSAN ,LAUREL Q-SB13,Laurel  Q-SB13   90-94,1990-1994,BLS54,AE462G,BPS354,
NISSAN ,LAUREL WSB12,Laurel  6 cil  2.8Lt   89-91,1989-1991,BLS54,,BPS354,
NISSAN ,LIBERTY,OR20DE 2.0Lt,2001 UP,BLS3006,AE462G,,
NISSAN ,LUCINO,GA15DE  1-5Lt,1994-1998,BLS916,AE2016G,,
NISSAN ,LUCINO,GA16DE  1.6 Lt,1995-1997,BLS3006,AE462G,,
NISSAN ,LUCINO,SR 18DE 4cil 1.8 Lt,1994-1997,BLS3006,AE462G,,
NISSAN ,LUCINO,SR 18DE 4cil 1.8 Lt,1998-2000,BLS3006,AE462G,,
NISSAN ,MARCH,MA10S 4cil 1.0Lt,1982-1991,BLS916,AE165,,
NISSAN ,MARCH,CG10DE 1.0Lt,1992-2003,BLS916,AE463G,,
NISSAN ,MARCH,HR16DE 4cil  1600cc,2011,BLS3006,,,
NISSAN ,MARCH,HR16DE 4cil  1600cc,2012-2017,BLS3006,,,
NISSAN ,MAXIMA,V6 3L.F.I.,1985-1988,BLS916,AE4615,,
NISSAN ,MAXIMA,V6 3L.F.I.,1989-1994,BLS916,AE462G,,
NISSAN ,MAXIMA,V6 3L.F.I.,2000-2001,BLS3007,AE462G,,
NISSAN ,MAXIMA,V6 3L.F.I.,2002-2003,BLS3007,AE462G,,
NISSAN ,MAXIMA,V6 3L.F.I.,2004-2007,BLS3006,AE462G,,
NISSAN ,MISTRAL, TD27-Ti   2.7 lt  ,1997 UP,BLS54,,BPS354,
NISSAN ,MISTRAL,TD27BKC,1997,BLS54,AE8306,,
NISSAN ,MURANO,V6 3.5 lt ,2003,BLS3007,AE462G,,
NISSAN ,MURANO ,V6 3.5 lt ,2004-2006,BLS3006,AE462G,,
NISSAN ,MURANO ,V6 3.5 lt ,2007,BLS3007,AE462G,,
NISSAN ,MURANO ,V6 3.5 lt ,2008,BLS3006,AE462G,,
NISSAN ,NAVARA,D23  4cil  ,2005 up,BLE2200,AE5151,BPS356,
NISSAN ,NOTE,HR15DE 4cil  1500cc,2005-2012,BLS3006,AE462G,,
NISSAN ,NOTE,HR16DE 4cil  1600cc,2008-2012,BLS3006,,,
NISSAN ,NP300,YD25 4cil 2500CC,2016,BLS27,,,
NISSAN ,NP300,QR25DE  4cil 2500CC,2016,BLS3006,,,
NISSAN ,NV350 ,YD25DDTi 4cil  2500cc,2012  up,BLS27,BAE6903,BPS571,
NISSAN ,PATHFINDER,Z24 ,1993,BLS29,AE370,,
NISSAN ,PATHFINDER,V6 3.0lt.FI.,1990-1996,BLS916,AE462G,,
NISSAN ,PATHFINDER,V6 3.0lt.FI.,1997-1998,BLS3007,AE462G,,
NISSAN ,PATHFINDER,V6 3.0lt.FI.,1999-2001,BLS3007,AE462G,,
NISSAN ,PATHFINDER,VQ35DE 6cil  3500cc,2013-2015,BLS3007,AE462G,,
NISSAN ,PATHFINDER,V6 3.5lt.FI.,2002-2003,BLS3006,AE462G,,
NISSAN ,PATHFINDER,V6 3.5lt.FI.,2004,BLS3007,AE462G,,
NISSAN ,PATROL,TD27T  2.7Lt,1998,BLS29,,BPS354,
NISSAN ,PATROL ,RD28 Ti 2.8Lt,1997-2000,BLS54,,BPS354,
NISSAN ,PATROL ,VK56VD  8cil  6Lt,2010  up,BLS3007,,,
NISSAN ,QASHQAI,MR20DE  4cil  200cc,2008  up,BLS3006,,,
NISSAN ,TD25,4cil  2.0 Lt,1998 UP,BLS29,AE8305,BPS354,
NISSAN ,TD23,4cil 2.3Lt,1989,BLS29,AE3760,BPS354,
NISSAN ,TD25,4cil 2.5 Lt,1996-1997,BLS54,AE370,BPS354,
NISSAN ,TD25,4cil 2.5 Lt,1998-2005,BLS29,,BPS354,
NISSAN ,TD27,4cil 2.7 Lt,1987-1998,BLS29,AE2370,BPS354,
NISSAN ,TIIDA,HR16DE  4cil  1600cc,2007  up,BLS3006,,,
NISSAN ,TIIDA,HR16DE  4cil  1600cc,2010-2014,BLS3006,AE2016G,,
NISSAN ,PRAIRE,CA20S  4cil   2.0 Lt ,1988-1995,BLS916,AE462G,,
NISSAN ,PRESEA,GA15 DS 1.5 Lt,1990-1995,BLS916,,,
NISSAN ,PRESEA,SR18DE 1.8 Lt ABS,1993-1995,BLS3005,AE462G,,
NISSAN ,PRESEA,SR20DE 2.0 Lt,1990-1995,BLS3005,AE462G,,
NISSAN ,PRIMERA ,OD 16DE  1.6 Lt,2002 UP,BLS3006,AE462G,,
NISSAN ,PRIMERA ,SR20DE,1996UP,,AE2016G,,
NISSAN ,PRIMERA ,SR18DE 1.8 Lt,1990-1994,BLS3005,AE462G,,
NISSAN ,PRIMERA ,"SR18DE, 1.8Lt  ",1995 UP,BLS3006,AE462G,,
NISSAN ,PRIMERA ,CD20   2.0Lt  ,1990-1996,BLS54,AE462G,BPS354,
NISSAN ,PRIMERA ,SR20  2.0 Lt ,1996-2002,BLS3006,AE462G,,
NISSAN ,PRIMERA ,OR20DE 2.0Lt,2002 UP,BLS3006,AE462G,,
NISSAN ,PULSAR,N10,1982,BLS916,AE145G,,
NISSAN ,PULSAR,N12,1982,BLS916,AE145G,,
NISSAN ,PULSAR,E16,1987,BLS916,AE145G,,
NISSAN ,PULSAR,E13S 1.3Lt,1982-1986,BLS916,AE145G,,
NISSAN ,PULSAR,GA15DE ABS  1.5 Lt,1996 - 2000,BLS916,AE2016G,,
NISSAN ,PULSAR,GA16DE  1.6 Lt,1996 -2000,BLS916,AE462G,,
NISSAN ,PULSAR,SR18DE ABS  1.8 Lt,1996-1997,BLS3006,AE462G,,
NISSAN ,PULSAR ,CA17 1.7 Lt,1987-1990,BLS29,AE462G,,
NISSAN ,PULSAR ,SR18DE 1.8Lt,1990-1995,BLS3005,AE462G,,
NISSAN ,PUSAR,E10S,1987,BLS916,AE145G,,
NISSAN ,QUEST,4N-2  4cil,1993-1995,BLS916,,,
NISSAN ,RD-28,c/m  RD-28  Diesel  89-91,1989-1991,BLS54,,BPS354,
NISSAN ,SENTRA,JN.1PB  4cil,1984,BLS916,AE145G,,
NISSAN ,SENTRA,CD20  4 cil,1993-1999,BLS29,AE462G,BPS354,
NISSAN ,SENTRA,Sentra 4 cil.1.7L ano 91,1991,BLS916,AE145G,BPS571,
NISSAN ,SENTRA,Sentra 4 cil.ano  92,1992,BLS916,,,
NISSAN ,SENTRA,Sentra 4 cil. ano 91 (mexico),1991,BLS916,AE145G,BPS571,
NISSAN ,SENTRA ,E16  4 cil 1.7 Lt,1987-1990,BLS916,AE145G,,
NISSAN ,SENTRA B11,ED-17 ,1986 UP,BLS916,AE6902,,
NISSAN ,SENTRA B14,GA13DE,1996 UP,BLS916,AE2016G,,
NISSAN ,SENTRA B14,GA14DE,1996 UP,BLS916,AE2016G,,
NISSAN ,SENTRA SUPER SALOON,E16  1.I Lt,1993,BLS916,,,
NISSAN ,SILVIA,CA18S  1.8Lt,1983-1988,BLS916,AE462G,,
NISSAN ,SKYLINE,RB20 4cil  2.0 Lt,1989-1993,BLS916,AE462G,,
NISSAN ,SNB13(ATM),SNB13(ATM)    90-94,1990-1994,BLS54,AE462G,BPS354,
NISSAN ,SR18D,SR18D ,1990-1993,BLS3005,,,
NISSAN ,SR20DE ,SR20DE,1990-1994,BLS3005,AE462G,,
NISSAN ,STANZA,GNL620,1980,BLS9,AE145G,,
NISSAN ,STANZA,CA16S 1.6Lt,1986-1989,BLS916,,,
NISSAN ,STANZA,J15  4cil,1982 UP,BLS916,AE145G,,
NISSAN ,STANZA,J16  4cil,1982 UP,BLS9,AE145G,,
NISSAN ,TERRANO ,TD27T  2.7Lt,,,BAE6902,,
NISSAN ,SUNNY,CA20  2.0 Lt,1985-1991,BLS916,BAE6902,,
NISSAN ,SUNNY,CD20  2.0Lt,1994-1999,BLS54,AE462G,BPS354,
NISSAN ,SUNNY,JN-1P  4cil,1982,BLS916,AE145G,,
NISSAN ,SUNNY,AD SW  1.7 Lt,1986-1990,BLS29,BAE6902,BPS354,
NISSAN ,SUNNY,GA16DE  1.6 Lt,1991-1994,BLS916,AE462G,,
NISSAN ,SUNNY DX ,CD17 1.7Lt,1987-1991,BLS29,AE462G,BPS354,
NISSAN ,TERRANO II 2SLX ,TD27ETI  2.7 Lt ( JAPON),1995-1999,BLS54,AE8306,BPS354,
NISSAN ,TERRANO REGULUS,QD32ETi  3.2 Lt,1996-1999,BLS54,AE8306,BPS354,
NISSAN ,TERRANO REGULUS,VG33E  3.3 Lt,1996-2000,BLS3007,AE462G,,
NISSAN ,TERRANO REGULUS,VG33DE 3.3 Lt,2000UP,BLS3006,AE462G,,
NISSAN ,URVAN,Z20  2.0 Lt,1982-1988,BLS916,BAE6902,,
NISSAN ,URVAN,TD23 4cil 2.3Lt,1992-1993,BLS29,BAE1222,BPS354,
NISSAN ,URVAN ,TD25  2.5Lt,1989-1993,BLS29,BAE1222,BPS354,
NISSAN ,URVAN ,SD23 ,1985,BLS9,BAE6900,BPS354,
NISSAN ,URVAN E20,TD25E 2.5Lt,1993,BLS29,BAE1222,BPS571 BPS356,
NISSAN ,URVAN E20,SD22  ,1984,BLS9,BAE6900,,
NISSAN ,VANETTE ,K24,1993,BLS916,BAE6902,,
NISSAN ,VANETTE ,LD20 II ,1985-1994,BLS29,BAE6900,BPS354,
NISSAN ,VERSA,,1012 UP,BLS3007,AE467,,
NISSAN ,WINGROAD,GA15DE  4cil,1996-1999,BLS916,AE2016G,,
NISSAN ,X-TERRA,V6  3.0Lt  FI  ,2002,BLS3007,,,
NISSAN ,X-TERRA,V6 3.3Lt  FI,2004,BLS3007,A462G,,
NISSAN ,X-TRAIL,SR20DET,2001 UP,BLS3006,AE462G,,
NISSAN ,X-TRAIL,4cil  2.5 Lt ,2003-1006,BLS3006,AE462G,,
NISSAN ,X-TRAIL,4 cil 2.5 Lt FI,2007,BLS3007,AE462G,,
NISSAN ,X-TRAIL,QR25  4cil  2500CC,2014-2016,BLS3006,,,
PEUGEOT,205,2.2L FI. ,1985-1991,BLS87,,,
PEUGEOT,405,1.9Lt  FI. ,1988-1991,BLS87,AE3314,,
PEUGEOT,406, 4  CIL.  1.6 Lt ,1994 UP,BLS87,AE3314,,
PEUGEOT,406, 4  CIL.  1.8 Lt ,1994 UP,BLS87,AE3314,,
PEUGEOT,504,"2,3 Lt.   ",1970-1981,BLS87,,,
PEUGEOT,605,4 cil. ,1996 UP,BLS87,,,
PEUGEOT,306 SL,1.4Lt,1995  UP,BLS87,AE3314,,
PEUGEOT,306 SL,1.6Lt ,1995 UP,BLS87,AE3314,,
PEUGEOT,306 SR,2.0Lt  FI ,1994 UP,BLS87,AE3314,,
PEUGEOT,405 GL,1.9Lt ,1994 UP,BLS87,AE3315,,
PEUGEOT,405 GR,1.6Lt,1991 UP,BLS87,AE3315,,
PEUGEOT,206,1.4 8v /16v ,2009,BLE2807,,,
PEUGEOT,207,1.4 8v /16v XS automatico,2009,BLE2807,,,
PEUGEOT,208,1.4 8v /16v FLEX,2009,BLE2807,,,
PEUGEOT,208,PARTNER  1.6  16V,2009,BLE2807,,,
PEUGEOT,307,2.0  16V  EW10J4,2009,BLE2807,,,
PEUGEOT,BOXER,,1998 UP,,AE3899,BPS150,
PEUGEOT,BOXER,,2010,,AE3317,,
PEUGEOT,BOXER  ,1.9 Lt,2005,BLS87,AE3899,,
PEUGEOT,BOXER  270C,2.5Lt ,1997 UP,BLS1446,,BPS150,
PEUGEOT,BOXER BOX,,2004,,BAE128,BPS150,
PEUGEOT,PARTNER,,1997 UP,BLS87,AE1760,BPE149,
PEUGEOT,PARTNER,,2004,BLS87,AE1760,,
PEUGEOT,PARTNER,,2013,,AE1763,,
PEUGEOT,PARTNER,,2011,,AE1764,,
PIAGGIO,MOTOCAR,,,BLS3010,BAE100M,BPE105S,
PIAGGIO,MOTOCAR,,1997,BLS3010,BAE157,,
PIAGGIO,MOTOCAR,,1999,BLS3010,BAE179,,
PIAGGIO,MOTOCAR,,1990,BLS3010,BAE100,,
PIAGGIO,MOTO D35,8 HP,2001 UP,BLS3010,,,
QUING QUING,ROMY 6000 6 TON,,2007,BLE79E,,,
RANGE ROVER,DEFENDER   1110,V8 3.9L FI ,1992,BLS1A,,,
RANGE ROVER,DEFENDER   90,V8 3.9L FI ,1994-1996,BLS1A,,,
RANGE ROVER,DEFENDER   90,V8 4.0L Fi ,1997,BLS1A,,,
RANGE ROVER,DISCOVERY,V8 3.9L FI ,1994-1995,BLS1A,,,
RANGE ROVER,DISCOVERY,V8 4.0L FI ,1996,BLS1A,,,
RANGE ROVER,DISCOVERY,V8 4.0L FI ,1997-2000,BLS1A,,,
RANGE ROVER,LAND ROVER,V8 3.5L FI ,1987,BLS1A,,,
RANGE ROVER,LAND ROVER,V8 3.5L FI ,1988-1989,BLS1A,,,
RANGE ROVER,LAND ROVER,V8 3.9L FI ,1987-1990,BLS1A,,,
RANGE ROVER,LAND ROVER,V8 4.2L FI ,1993-1995,BLS1A,,,
RANGE ROVER,LAND ROVER,V8 4.6L Fi ,1996,BLS1A,,,
RANGE ROVER,RANGE ROVER,V8 3.5L Fi ,1987-1989,BLS1A,,,
RANGE ROVER,RANGE ROVER,V8 3.9L FI,1987-1995,BLS1A,,,
RANGE ROVER,RANGE ROVER,V8 4.0L FI ,1995-2000,BLS1A,,,
RANGE ROVER,RANGE ROVER,V8 4.6L FI ,1997-2000,BLS1A,,,
RENAULT ,ALLIANCE,4 cil. 1.4L FI,1983-1984,BLS46,AE660,,
RENAULT ,ALLIANCE,4 cil. 1.4L DI ,1985-1987,BLS1446,AE660,,
RENAULT ,ALLIANCE,4 CIL. 1.7l FI ,1985-1987,BLS1446,,,
RENAULT ,CAMIONETA RURAL,4 CIL. 1.7l FI ,2010,BLE2811,,,
RENAULT ,CLIO,,Todos,BLS112,,,
RENAULT ,ENCORE,4 cil. 1.4L FI,1983-1984,BLS46,AE660,,
RENAULT ,ENCORE,4 CIL. 1.7Lt   FI,1985-1987,BLS1446,,,
RENAULT ,ENCORES,4 cil. 1.4L DI ,1985-1987,BLS1446,AE660,,
RENAULT ,FUEGO,4 cil. 1.6L FI ,1982-1985,BLS27,,,
RENAULT ,FUEGO,4 cil. 1.6L FI turbo ,1982-1985,BLS27,,,
RENAULT ,FUEGO,4 cil.2.2L FI ,1984-1985,BLS1446,,,
RENAULT ,GTA,4 cil. 1.4L FI ,1983-1984,BLS46,AE660,,
RENAULT ,GTA,4 cil. 1.4L DI ,1985-1987,BLS1446,AE660,,
RENAULT ,GTA,4 CIL. 1.7Lt FI ,1985-1987,BLS1446,,,
RENAULT ,KANGOO,"1.6 Lt , 16v",2005 UP,BLS112,,BPE620,
RENAULT ,LE CAR,4 cil. 1.4L ,1980-1983,BLS46,,,
RENAULT ,LOGAN,4 cil. 1.4L ,2012 up,BLS112,AE1761,,
RENAULT ,R12,4 cil 1.6L ,1971-1977,BLS46,,,
RENAULT ,R15,4 cil. 1.6L ,1971-1976,BLS46,,,
RENAULT ,R17,4 cil.1.6Lt ,1972-1977,BLS46,,,
RENAULT ,R18,4 cil. 1.6Lt ,1981-1983,BLS27,,,
RENAULT ,R5,4 cil. 1.4L ,1980-1983,BLS46,,,
RENAULT ,SANDERO,4 cil. 1.4L ,1980-1983,BLS112,AE1762,,
RENAULT ,Sports wagon,4 cil. 1.6L FI ,1982,BLS27,,,
RENAULT ,Sports wagon,4 cil. 2.2L FI ,1985,BLS1446,,,
ROBIN,MOTOR,EC 10D   4HP,1990,,AE40,,
ROBIN,MOTOR,ECO 8 D  3.3 HP,1990,,AE33,,
SCANIA-VABIS,480HP,DC16.01,2004,,BAE4224SR,,
SCANIA-VABIS,112H  ,DS11,1989,BLS46,BAE4221,BPS8125339,HFW2010
SCANIA-VABIS,F113,DN11,1992 UP,BLS46,BAE517 BAE571S,BPS8125339,BLE98
SCANIA-VABIS,F113,DS11,1992 UP,BLS46,BAE517 BAE571S,BPS8125339,BLE98
SCANIA-VABIS,F113,DSC11,1992 UP,BLS46,BAE517 BAE571S,BPS8125339,BLE98
SCANIA-VABIS,F94,DSC9-11,1998 UP,BLS46,BAE517 BAE571S,BPS8125339,
SCANIA-VABIS,K112,DS14,1985 UP,BLS46,BAE517 BAE571S,BPS8125339,
SCANIA-VABIS,K113 CL,DSC1121,1997 UP,BLS46,BAE517 BAE571S,BPS8125339,BLE98
SCANIA-VABIS,K113 CL,DSC1123,1997 UP,BLS46,BAE517 BAE571S,BPS8125339,BLE98
SCANIA-VABIS,K113 TL,DSC1123,1997 UP,BLS46,BAE517 BAE571S,BPS8125339,BLE98
SCANIA-VABIS,L100,DS14,1977 UP,BLS46,BAE3194,BPS8125339,BLE98
SCANIA-VABIS,L100,DS14,1977 UP,BLS46,BAE3194,BPS8125339,BLE98
SCANIA-VABIS,L110,D11,1971-1976,BLS46,BAE489,BPS8125339,
SCANIA-VABIS,L-75,DS14,1977 UP,BLS46,BAE3194,BPS8125339,BLE98
SCANIA-VABIS,L78,DS14,1977 UP,BLS46,BAE3194,BPS8125339,BLE98
SCANIA-VABIS,LK140,DS14,1977 UP,BLS46,BAE3194,BPS8125339,BLE98
SCANIA-VABIS,LK141,DS14,1977 UP,BLS46,BAE3194,BPS8125339,BLE98
SCANIA-VABIS,LKS140,DS14,1977 UP,BLS46,BAE3194,BPS8125339,BLE98
SCANIA-VABIS,LKS141,DS14,1977 UP,BLS46,BAE3194,BPS8125339,BLE98
SCANIA-VABIS,LKT141,DS14,1977 UP,BLS46,BAE3194,BPS8125339,BLE98
SCANIA-VABIS,LS-80,DS14,1977 UP,BLS46,BAE3194,BPS8125339,BLE98
SCANIA-VABIS,LT80,DS14,1977 UP,BLS46,BAE3194,BPS8125339,BLE98
SCANIA-VABIS,S112  ,DS14,1985 UP,BLS46,BAE517 BAE571S,BPS8125339,
SCANIA-VABIS,K124,,2010 UP,,,BPS3776,
SCANIA-VABIS,K360,,2010 UP,,,BPS3776,
SCANIA-VABIS,K380,,2010 UP,,,BPS3776,
SSANGYONG,MUSSO,,,BLE39,AE4504,,
SUBARU,DL,4 cil. 1.8L FI ,1987-1989,BLS916,AE4615,,
SUBARU,DL, 4 cil. 1.8L FI ,1985-1986,BLS916,,,
SUBARU,FORESTER,2.5Lt ,1997-2000,BLS210,AE462G,,
SUBARU,GL-1800,4 cil. ,1986-1990,BLS916,,,
SUBARU,IMPREZA,4 cil. 1.8Lt ,1993-1997,BLS210,AE462G,,
SUBARU,IMPREZA,4 cil. 2.2 Lt ,1995-1999,BLS210,,,
SUBARU,IMPREZA,4 cil 2.5Lt ,1998-1999,BLS210,AE462G,,
SUBARU,IMPREZA,4 cil. 2.5Lt ,2000,BLS210,,,
SUBARU,JUSTY,3 cil. 1.2Lt  2 bbi ,1988-1991,BLS260,AE145G,,
SUBARU,JUSTY,3 cil. 1.2Lt  FI ,1992-1994,BLS3006,,,
SUBARU,LEGACY,1.8Lt  16V ,1991,BLS210,AE145G,,
SUBARU,LEGACY,EJ18,1996 UP,BLS210,AE2016G,,
SUBARU,LEGACY,4 cil. 2.0Lt  FI.,1990-2000,BLS210,AE462G,,
SUBARU,LEGACY,4 cil.2.2Lt  FI.,1990-2000,BLS210,AE462G,,
SUBARU,LEGACY,4 cil.2.5L FI.,1990-2000,BLS210,AE462G,,
SUBARU,LEGACY,1.8Lt ,1992 UP,BLS210,AE462G,,
SUBARU,LEGACY,4 cil. 2.5Lt  FI ,1996-2000,BLS210,AE462G,,
SUBARU,LOYALE,4 cil. 1.8Lt  FI.,1990-1994,BLS916,AE4615,,
SUBARU,OUTBACK,4 cil. 2.2Lt  FI. ,1995-1999,BLS210,AE462G,,
SUBARU,OUTBACK,4 cil. 2.2Lt  FI ,2000,BLS210,,,
SUBARU,OUTBACK,4 cil. 2.5Lt,1996-1999,BLS210,AE462G,,
SUBARU,OUTBACK,4 cil. 2.5Lt  FI ,2000,BLS210,,,
SUBARU,SVX6,6 cil. 3.3Lt ,1992-1997,BLS260,AE462G,,
SUZUKI,AERIO,M15A  4cil  1500cc,2001-2007,BLS3001,,,
SUZUKI,AERIO,M16A  4cil  1600cc,2004  up,BLS3001,,,
SUZUKI,AERIO,M18A  4cil  1800cc,2003-2007,BLS3001,,,
SUZUKI,ALTO,F8DE 3 cil  800cc,2013-2016,BLS1079,,,
SUZUKI,ALTO,G10B 4cil  1000cc,1993-2004,BLS1079,,,
SUZUKI,ALTO,F10D 4cil  1100cc,2002-2008,BLS1079,AE8075G,,
SUZUKI,AUDAZ 4X4,LJ-50,,BLS3010,,,
SUZUKI,BALENO,4 cil. ,1997 UP,BLS3005,,,
SUZUKI,CARRY,4 cil. 1.0Lt  (Brasil),,BLS31,BAE609,,
SUZUKI,CARRIVAN,Carrivan 4 cil.,,BLS31,,,
SUZUKI,CULTUS,1.0Lt ,1986-1988,BLS3001,,,
SUZUKI,CULTUS,1.0Lt  ,1992 UP,BLS3001,,,
SUZUKI,MARUTI GL,,1997 UP,BLS3005,AE7810,,
SUZUKI,SAMURAI,3cil  100cc,1981-1988,BLS3010,BAE609,,
SUZUKI,SWIFT,K12B 4CIL  1200cc,2007 up,BLS1079,,,
SUZUKI,SWIFT,K14B  4cil  1400cc,2011  up,BLS3005,,,
SUZUKI,SWIFT,M15A  4cil  1500cc,2004-2010,BLS3005,,,
SUZUKI,SWIFT,M16A  4cil  1600cc,2011  up,BLS3005,AE462G,,
SUZUKI,SX,4 cil  1.6 lt ,2006,BLS3005,,,
SUZUKI,SX4,4 cil 2.0 Lt ,2007,BLS3001,,,
SUZUKI,VITARA,4 cil 2.0 Lt  ,1994-1997,BLS3001,,,
TOYOTA,AURIS,4ZZ-FE 4cil 1400cc,2006-2009,ble2801,AE21050,,
TOYOTA,AURIS,1NZ-FE 4cil 1500cc,2006-2012,BLS3001,AE21050,,
TOYOTA,AURIS,1ZR-FE  4cil  1600cc,2006-2012,BLE2801,AE21050,,
TOYOTA,AURIS,1ZR-FAE  4cil  1600cc,2009-2015,BLE2801,AE21050,,
TOYOTA,AVENSIS,1ZR-FAE  4cil  1600cc,2009-2015,BLE2801,AE21050,,
TOYOTA,4 RUNNER,22R-E    ,1989,BLS11,,,
TOYOTA,4 RUNNER,EC,1989,BLS11,,,
TOYOTA,4 RUNNER,3VZE V6 3.0lt.FI.,1989,BLS11,,,
TOYOTA,4 RUNNER,3RZ 2.7 Lt ,1996 -2000,BLS11,,,
TOYOTA,4 RUNNER,5VZ-FE V6 3.4 Lt,1996-1998,BLS11,,,
TOYOTA,4 RUNNER,FVZ-FE V6 3.4Lt,1999-2000,BLS11,,,
TOYOTA,AVALON,1MZ-FE V6 3.0Lt,1995-2000,BLS11,,,
TOYOTA,CALDINA SW,2C,1993 UP,BLS3003,AE2003G,,
TOYOTA,CALDINA SW,4E 1.3Lt,1994 UP,BLS3001,AE2058G,,
TOYOTA,CAMRY ,1MZ-FE 3.0 Lt,1995-1997,BLS11,,,
TOYOTA,CAMRY ,1MZ-FE 3.0 Lt,1996-2000,BLS11,,,
TOYOTA,CAMRY ,1C-T,1985-1986,BLS3003,AE2003G,BPS305,
TOYOTA,CAMRY ,2C-T,1985-1986,BLS3003,AE2003G,BPS305,
TOYOTA,CAMRY ,1S-ILU 1.8Lt,1983-1987,BLS11,,,
TOYOTA,CAMRY ,2S-ELC FI 1.8Lt,1983-1987,BLS11,,,
TOYOTA,CAMRY ,3S-FE FI 2.0Lt,1987-1991,BLS3001,,,
TOYOTA,CAMRY ,S5S-FE 2.2 Lt,1992-2000,BLS3001,,,
TOYOTA,CARINA,1C ,1988 UP,BLS3003,AE2003G,BPS305,
TOYOTA,CARINA,2C,1988 UP,BLS3001,AE2003G,BPS305,
TOYOTA,CARINA,3A-LU 1.5Lt ,1984,BLS3001,AE5015,,
TOYOTA,CARINA,3A-LU 1.5Lt ,1985-1988,BLS3001,,,
TOYOTA,CARINA,5K-J 1.5Lt,1983-1988,BLS3001,,,
TOYOTA,CARINA,4A-FE  1.6Lt,1988-1992,BLS3001,,,
TOYOTA,CARINA,4S-FE 1.8Lt,1990-1992,BLS3001,,,
TOYOTA,CARINA ED,4S-FE 1.8Lt,1993 UP,BLS3001,,,
TOYOTA,CARINA ED,3S-FE FI 2.0Lt,1993 UP,BLS3001,,,
TOYOTA,CARRY,1MZ-FE 3.0 Lt,1994,BLS11,,,
TOYOTA,CELICA,20R,1978-1984,BLS11,AE124,,
TOYOTA,CELICA,21R,1978-1984,BLS11,AE124,,
TOYOTA,CELICA,22R ,1978-1984,BLS11,AE124,,
TOYOTA,CELICA,2T,1981,,AE250,,
TOYOTA,CELICA,22R-EC  FI 4cil  2.4Lt,1981,BLS11,,,
TOYOTA,CELICA,3S-GTE 2.0Lt,1986-1989,BLS11,AE2003G,,
TOYOTA,CELICA,3S-GTE 2.0Lt,1990-1993,BLS3005,AE2003G,,
TOYOTA,CELICA,4A-FE 4cil 1.6Lt,1990-1993,BLS3001,,,
TOYOTA,CELICA,5S-FE 2.2Lt,1990-1991,BLS3001,,,
TOYOTA,CELICA,5S-FE 2.2Lt,1992-1993,BLS3001,AE2003G,,
TOYOTA,CELICA,5S-FE 2.2Lt,1994-1999,BLS3001,,,
TOYOTA,CELICA,7A-FE 1.8Lt,1994-1997,BLS3001,,,
TOYOTA,CHASER,2L 2.4Lt,1984-1994,BLS1A,,BPS305,
TOYOTA,COASTER ,2B,1977-1984,BLS1A,AE4801,BPS2330,
TOYOTA,COASTER ,13B,1977-1984,BLS1A,AE4801,BPS2330,
TOYOTA,COASTER DELUXE,1HZ,1990-1999,BLS3002,AE6020,BPS305,
TOYOTA,COASTER DELUXE,1HZ 4.2Lt,1994-2000,BLS800,AE6020,BPS305,
TOYOTA,COASTER DELUXE,2H,1985-1989,BLS72,AE4801,BPS2330,
TOYOTA,COASTER DELUXE,2H,1990,BLS72,AE4801,BPS305,
TOYOTA,COASTER DELUXE,3B,1985-1993,BLS1A,AE4801,BPS305,
TOYOTA,COASTER DELUXE,14B,1985-1993,BLS1A,AE4801,BPS305,
TOYOTA,COASTER DELUXE,3B,1994-1999,BLS1A,AE4801,BPS305,
TOYOTA,COROLLA  ,2C 2.0Lt,1988 UP,BLS3003,AE2003G,BPS305,
TOYOTA,CORLLA SW,1C  1.8Lt,1988-1991,BLS3003,AE2003G,BPS305,
TOYOTA,COROLLA,4K ,1972-1982,BLS11,AE3010,,
TOYOTA,COROLLA,4A,1986,BLS11,AE5015,,
TOYOTA,COROLLA,4A-C 4 cil 1.6Lt,1983-1987,BLS11,AE5015,,
TOYOTA,COROLLA,2A,1988,BLS3001,AE5015,,
TOYOTA,COROLLA,4A,1988,BLS3001,,,
TOYOTA,COROLLA,5A-F,1988,BLS3001,,,
TOYOTA,COROLLA,5A-FE EFI 1.5Lt,1987-1989,BLS3001,,,
TOYOTA,COROLLA,5A-FE EFI 1.5Lt,1990-1991,BLS3001,AE2003G,,
TOYOTA,COROLLA,5A-FE EFI 1.5Lt,1992 UP,BLS3001,AE2024G,,
TOYOTA,COROLLA,2E,1986-1991,BLS3001,,,
TOYOTA,COROLLA,3E,1986-1991,BLS3001,,,
TOYOTA,COROLLA,4A-GE FI 4cil  1.6Lt ,1988-1989,BLS3001,,,
TOYOTA,COROLLA,4A-GE FI 4cil  1.6Lt ,1990-1991,BLS3001,AE2003G,,
TOYOTA,COROLLA,4A-GE FI 4cil  1.6Lt ,1992-1995,BLS3005,AE2024G,,
TOYOTA,COROLLA,4A-GE FI 4cil  1.6Lt ,1996 UP,BLS3005,AE2024G,,
TOYOTA,COROLLA,4A.FE 4cil  1.6 Lt,1990-1991,BLS3001,AE2003G,,
TOYOTA,COROLLA,4A.FE 4cil  1.6 Lt,1992-1995,BLS3001,AE2024G,,
TOYOTA,COROLLA,4A.FE 4cil  1.6 Lt,1996 UP,BLS3001,AE2024G,,
TOYOTA,COROLLA,4E-FE  1.3Lt,1991 UP,BLS3001,AE2058G,,
TOYOTA,COROLLA,5E-FE 1.3Lt,1994 UP,BLS3001,AE2058G,,
TOYOTA,COROLLA,Corolla 1.8L  ano 82-87,1982-1987,,AE2003G,BPS305,
TOYOTA,COROLLA II,1N-T ,1988,BLS11,,BPS305,
TOYOTA,COROLLA,2NZ-FE 4cil 1300cc,2009-2014,BLS3001,AE21050,,
TOYOTA,COROLLA,1NR-FE 4 cil 1300cc,2009-2014,BLE2801,AE21050,,
TOYOTA,COROLLA,2ZR-FE  4cil 1800cc,2007-2015,BLE2801,AE21050,,
TOYOTA,COROLLA,3ZR-FE 4cil 2000cc,2011-2015,BLE2801,AE21050,,
TOYOTA,CORONA,16R 4cil  1.8Lt,1971-1981,BLS9,AE340,,
TOYOTA,CORONA,18R 4cil  1.8Lt,1971-1981,BLS9,AE340,,
TOYOTA,CORONA,20R 4cil  2.2Lt,1978-1982,BLS11,AE124,,
TOYOTA,CORONA,22R 4cil  2.2Lt,1978-1982,BLS11,AE124,,
TOYOTA,CORONA,3A   ,1984,BLS3001,AE5015,,
TOYOTA,CORONA,5K   ,1986,BLS9,AE3010,,
TOYOTA,CORONA,4A,1988,BLS3001,,,
TOYOTA,CORONA,5A-F,1988,BLS3001,,,
TOYOTA,CORONA,2S 4cil  1.5Lt,1983-1989,BLS11,AE340,,
TOYOTA,CORONA,2E 4cil ,1983,BLS3003,AE2003G,BPS305,
TOYOTA,CORONA ,2C 2.0Lt,1993-1996,BLS3003,AE2003G,,
TOYOTA,CORONA ,3S-FE FI 2.0Lt,1991-1993,BLS3001,AE2003G,,
TOYOTA,CORONA SW,2C 2.0Lt,1988-1992,BLS3003,AE2003G,BPS305,
TOYOTA,CORSA,1N-T 1.5Lt,1991 UP,BLS3003,,BPS305,
TOYOTA,CORSA,4E-FE  1.3Lt,1990 UP,BLS3001,,,
TOYOTA,CORSA,5E-FE 1.3Lt,1990 UP,BLS3001,,,
TOYOTA,CRESSIDA,4M-E 6cil  2.6Lt,1979-1980,BLS11,,,
TOYOTA,CRESSIDA,21R ,1982-1983,BLS1A,AE124,,
TOYOTA,CRESSIDA,5M-GE  6cil,1985-1992,BLS11,,,
TOYOTA,CRESSIDA,7M-GE 6 cil,1985-1992,BLS11,,BPS305,
TOYOTA,CRESSIDA,22R,1992,BLS11,AE124,,
TOYOTA,CRESSIDA,L,1993,BLS1A,BAE74,,
TOYOTA,CRESSIDA,2L 2.4Lt,1990,BLS1A,,BPS305,
TOYOTA,CRESTA,1S-ILU 1.8Lt,1984-1988,BLS3001,AE250,,
TOYOTA,CRESTA,2L 2.4Lt,1984-1994,BLS1A,,,
TOYOTA,CROWN,2L 2.4Lt,1983-1994,BLS1A,,BPS305,
TOYOTA,CROWN,2L-T 2.4 Lt,1983-1994,BLS1A,,BPS305,
TOYOTA,CROWN,3Y 4cil 2.0 Lt,1991,BLS1A,,,
TOYOTA,CYNOS,5EFE 1.5Lt,1991 UP,BLS3001,,,
TOYOTA,DYNA,1TR-FE  2.0 Lt,2003 UP,BLS800,AE6020,,
TOYOTA,DYNA,2L  2.4Lt,1985-1988,BLS1A,BAE1051,BPS305,
TOYOTA,DYNA,2L  2.4Lt,1985-1988,BLS1A,AE4801,BPS305,
TOYOTA,DYNA,2KD-FTV  2.5Lt,2004 UP,LF800,AE6020,,
TOYOTA,DYNA,1B  3.0Lt,1984-1988,BLS1A,,BPS305,
TOYOTA,DYNA,1B  3.0Lt,1989-1995,BLS1A,AE4801,BPS305,
TOYOTA,DYNA,5L  3.0Lt,2001 UP,BLS3002,AE4801,BPS305,
TOYOTA,DYNA,3B 3.4Lt,1977-1984,BLS1A,AE6020,BPS2330,
TOYOTA,DYNA,3B  3.4Lt,1988-1995,BLS1A,AE4801,BPS2330,
TOYOTA,DYNA,1W  4.0Lt,1984,BLS601,AE6020,BPS304,
TOYOTA,DYNA,15B  ,1995,BLS1A,AE6020,BPS305,
TOYOTA,DYNA 350,14B ,1989-1995,BLS1A,AE4801,BPS305,
TOYOTA,FORTUNER,2KD-FTV 4cil 2500cc,2009-2012,BLS800,BAE194SR,BPE90100,
TOYOTA,HI ACE,2L,1990-1993,BLS1A,BAE4031,,
TOYOTA,HI ACE,3L,1990-1993,BLS1A,BAE4031,,
TOYOTA,HI ACE,2Y,1988,BLS330,AE2003G,,
TOYOTA,HI ACE,18R,1988-1991,BLS330,BAE4030,,
TOYOTA,HI ACE,L,1987-1993,BLS1A,BAE4030,BPS305,
TOYOTA,HI ACE,2L,1987-1993,BLS1A,BAE4030,BPS305,
TOYOTA,HI ACE,3L,1987-1993,BLS1A,BAE4030,BPS305,
TOYOTA,HI LUX,18R 2.0 Lt,1972-1974,BLS330,AE340,,
TOYOTA,HI LUX,2.4Lt 2GD  FTV,2015 UP,,AE3740,,
TOYOTA,HI LUX,4Y,1987-1993,,BAE4030,,
TOYOTA,HI LUX,2KD-FTV    4 cil 2.5Lt,2005-2008,BLS800,BAE194SR,EF90100,
TOYOTA,HI LUX,2KD-FTV    4 cil 2.5Lt,2004-2010,,BAE7040,,
TOYOTA,HI LUX,20R 2.2 Lt,1971-1975,BLS1A,AE340,,
TOYOTA,HI LUX,2L-T  2.4Lt,1984-1988,BLS1A,,BPS305,
TOYOTA,HI LUX,2L-T 2.4Lt,1989-1993,BLS3002,,BPS305,
TOYOTA,HI LUX,2L-T 2.4Lt,1994 UP,BLS3003,,BPS305,
TOYOTA,HI LUX,18R 2.0 Lt,1981-1991,BLS330,BAE1050,,
TOYOTA,HI LUX,3Y 2.0 Lt,1981-1991,BLS330,BAE1050,,
TOYOTA,HI LUX,2L 2.4Lt,1989-1993,BLS1A,,BPS305,
TOYOTA,HI LUX,22R 2.2Lt,1993,BLS11,AE5030,,
TOYOTA,HI LUX,2L 2.4Lt,1994-1996,BLS1A,BAE1050,BPS305,
TOYOTA,HI LUX,3L 2.4Lt,1994-1996,BLS1A,BAE1050,BPS305,
TOYOTA,HI LUX,3L  2.8Lt,1989-1997,BLS1A,,BPS305,
TOYOTA,HI LUX,3L     ,1998,BLS1A,BAE4170,BPS305,
TOYOTA,HI LUX,1RZ,1998 UP,BLS800,BAE4171,,
TOYOTA,HI LUX,3RZ    ,1998,BLS11,,,
TOYOTA,HI LUX,2.0Lt,2000,BLS1A,AE4180,,
TOYOTA,LANDCRUISER,3B,1984,BLS1A,AE6020,BPS2330,
TOYOTA,LANDCRUISER,3F-E ,1988-1996,BLS1A,AE6020,,
TOYOTA,LANDCRUISER,1FZ-FE,1988-1996,BLS1A,AE6020,,
TOYOTA,LANDCRUISER,1PZ,1990,BLS3003,,BPS305,
TOYOTA,LANDCRUISER,2F ,1980-1993,BLS1A,AE6020,,
TOYOTA,LANDCRUISER,3F ,1980-1993,BLS1A,AE6020,,
TOYOTA,LANDCRUISER,1HZ,1998 UP,BLS3002,AE2003G,BPS305,
TOYOTA,LITE ACE,4K-J,1982-1986,BLS330,BAE1052,,
TOYOTA,LITE ACE,1C 1.8Lt,1987-1988,BLS3003,BAE1051,BPS305,
TOYOTA,LITE ACE,2C 2.0Lt,1987-1995,BLS3003,BAE74,BPS305,
TOYOTA,LITE ACE,2CT  2.0 Lt,1987-1995,BLS3003,BAE74,BPS305,
TOYOTA,LITE ACE,2C  2.0 Lt,1995 UP,BLS3003,,BPS305,
TOYOTA,LITE ACE,3Y-EU,1994 UP,BLS3005,,,
TOYOTA,MARK II,2L  2.4 Lt,1988-1993,BLS3002,AE4090,,
TOYOTA,MARK II,2L-T  2.4Lt,1988-1993,BLS3002,AE4090,BPS305,
TOYOTA,MARK II  VAN,2L  2.4 Lt,1984-1994,BLS1A,,BPS305,
TOYOTA,MONTACARGAS,"6FD25, 5FD25, 6FD18, 7FD18.",,,BAE7654SR,,
TOYOTA,PASEO,5 EFE  1.5Lt,1992-1998,BLS3001,AE2003G,BPS305,
TOYOTA,PLATZ,1NZ-FE 4cil 1.5Lt,1999-2006,BLS3001,AE21030,,
TOYOTA,PLATZ,2NZ-FE 4cil 1300cc,2003-2006,BLS3001,AE21030,,
TOYOTA,PROBOX ,2NZ-FE 4cil 1300cc,2002-2010,BLS3001,AE21030,,
TOYOTA,RAV,,2014,BLE2809,AE2004,,
TOYOTA,SPRINTER,4AFE  1.5Lt,1992-1995,BLS3001,AE2024G,,
TOYOTA,SPRINTER,4AGE 1.5Lt,1991-1995,BLS3005,AE2024G,,
TOYOTA,SPRINTER,4AGE 1.6Lt,1996 UP,BLS3005,AE2024G,,
TOYOTA,SPRINTER,2C  2.0 Lt,1991 UP,BLS3003,AE2003G,,
TOYOTA,SPRINTER   ,"5A FE  1,5 Lt",1991 UP,BLS3001,AE2024G,,
TOYOTA,SPRINTER XL SW,1C  1.8Lt,1989-1991,BLS3003,AE2003G,BPS305,
TOYOTA,STARLET,4K-C,1981-1982,BLS9,AE3010,,
TOYOTA,TERCEL,2E  1.3Lt,1986-1994,BLS3001,,,
TOYOTA,TERCEL,4EFE 1.3Lt,1990 UP,BLS3001,,,
TOYOTA,TERCEL,3AC  1.5 Lt,1980-1987,BLS11,AE5015,,
TOYOTA,TERCEL,3AC  1.5 Lt,1988,BLS3001,AE5015,,
TOYOTA,TERCEL,3E  1.5 Lt,1986-1990,BLS3001,,,
TOYOTA,TERCEL,3EE  4cil  1.5 Lt,1990,BLS3001,,,
TOYOTA,TERCEL,3EE  4cil  1.5 Lt,1991-1994,BLS3001,,,
TOYOTA,TERCEL,5EFE 1.5Lt,1990-1994,BLS3001,,,
TOYOTA,TERCEL,5EFE 1.5Lt,1995-1999,BLS3001,,,
TOYOTA,TOYOACE/DYNA,4.0L N04C,2003-2010,,BAE8030,,
TOYOTA,TOWN ACE,1C 1.8Lt,1987-1989,BLS3003,BAE1051,BPS305,
TOYOTA,TOWN ACE,2C  2.0 Lt,1986-1995,BLS3003,BAE1051,BPS305,
TOYOTA,TOWN ACE,2C-T  2.0 Lt,1986-1995,BLS3003,BAE1051,BPS305,
TOYOTA,TOWN ACE,2C  2.0 Lt,1995 UP,BLS3003,,BPS305,
TOYOTA,TOWN ACE,3Y-EU  2.0 Lt,1994 UP,BLS3005,,,
TOYOTA,VITZ,1KR-FE 3cil 1.0Lt,2005 up,BLE2801,AE21030,,
TOYOTA,VITZ,1NR-FE 3cil 1.3Lt,2010 up,BLE2801,AE21030,,
TOYOTA,VITZ,1NZ-FE 3cil 1.5Lt,1999-2005,BLE2801,AE21030,,
TOYOTA,YARIS,2NZ-FE 4cil 1.3Lt,1999-2006,BLS3001,AE21030,,
TOYOTA,YARIS,2NZ-FE 4cil 1.3Lt,2007-2014,BLS3001,AE21050,,
TOYOTA,YARIS,2NZ-FE 4cil 1300cc,2016-2016,BLS3001,AE1031,,
TOYOTA,YARIS,1NR-FE 4cil 1300cc,2011-2014,BLE2801,AE1031,,
TOYOTA,YARIS,1ND-TV 4cil 1.4Lt,2001-2008,BLS800,,,
TOYOTA,YARIS,1NZ-FE 4cil 1.5Lt,2006-2014,BLS3001,AE21050,,
TOYOTA,YARIS,1NZ-FE 4cil 1500cc,2015-2016,BLS3001,AE1031,,
VOLKSWAGEN,7.11,MWM 4.10TCA ,2002 UP,BLS90541188,BAE5204 BAE5204S,BPS9054 HWP7014,BLE98
VOLKSWAGEN,13.15,MWM 4.10TCA ,2002 UP,BLS90541188,BAE5204,,BLE98
VOLKSWAGEN,13.18,MWM 6.10TCA,200 UP,BLS90541188,BAE5626SR BAE5626S,,BLE98
VOLKSWAGEN,11140,MWM D229/6,1992,BLS90541188,BAE2204,BPE105 BPE105S,
VOLKSWAGEN,14150,MWM 6-10T/6.10 NA ,2006 UP,BLS90541188,BAE283 BAE283S,BPS9054 HWP7014,BLE98
VOLKSWAGEN,14170,CUMMINS  6B  5.9T,1992 UP,,BAE2204,BPS8125339,BLE98
VOLKSWAGEN,14200,MWM 6-10T/6.10 NA ,2006 UP,BLS90541188,BAE283 BAE283S,BPS9054 HWP7014,BLE98
VOLKSWAGEN,14220,CUMMINS  6CT  8.3T,1992 UP,BLS3000,BAE5626SR BAE5626S,BPS48 HWP90P,BLE98
VOLKSWAGEN,15180,MWM 6.10  ,2001 UP,,BAE5626SR BAE5626S,,BLE98
VOLKSWAGEN,16170,CUMMINS  6B  5.9T,1992 UP,,BAE2204,BPS8125339,BLE98
VOLKSWAGEN,16220,CUMMINS  6CT  8.3T,1992 UP,BLS3000,BAE5626SR BAE5626S,BPS48 HWP90P,BLE98
VOLKSWAGEN,16300,CUMMINS  6CT  8.3T,1992 UP,BLS3000,BAE5626SR BAE5626S,BPS48 HWP90P,BLE98
VOLKSWAGEN,17210,MWM 6.10 TCA,2001 UP,BLS339,BAE5626SR BAE5626S,,BLE98
VOLKSWAGEN,18310,CUMMINS 6TCAA,2003 UP,,BAE5626SR BAE5626S,BPS8125339,BLE98
VOLKSWAGEN,24220,CUMMINS  6CT  8.3T,1992 UP,BLS3000,BAE5626SR BAE5626S,BPS48 HWP90P,BLE98
VOLKSWAGEN,31310,CUMMINS 6CTAA,2004 UP,BLS3000,BAE5626SR BAE5626S,BPS8125339,BLE98
VOLKSWAGEN,8.150 OD,MWM 4.10TCA ,2003 UP,BLS90541188,BAE5204 BAE5204S,BPS9054 HWP7014,BLE98
VOLKSWAGEN,8-150E,CUMMINS 4ISB,2003 UP,BLS16015,,,HWP7014
VOLKSWAGEN,9.150 OD,MWM 6-10T/6.10 NA ,2006 UP,BLS90541188,BAE283 BAE283S,BPS9054 HWP7014,BLE98
VOLKSWAGEN,9-150E,CUMMINS 4ISB,2003 UP,BLS16015,,,HWP7014
VOLKSWAGEN,AMAZON ,Fabricacion Peru,1997,BLS561,AE620,,
VOLKSWAGEN,AUDI 100,,1975-1980,BLS561,AE620,,
VOLKSWAGEN,AUDI 100 CC,,1975-1980,BLS561,AE620,,
VOLKSWAGEN,AUDI 100 CD,,1975-1980,BLS561,AE620,,
VOLKSWAGEN,AUDI 200 ,5 cil  2.2Lt,1989-1992,BLS561,,,
VOLKSWAGEN,AUDI 5000,5 cil  2.2Lt,1980-1983,BLS561,,,
VOLKSWAGEN,BEETLE,4cil  1.8 lt,2002-2005,BLS561,,,
VOLKSWAGEN,BEETLE,4cil  2.0 lt,2002-2005,BLS561,,,
VOLKSWAGEN,BORA,1.8Lt,2001-2005,BLS561,,,
VOLKSWAGEN,BORA,2.0Lt,200 UP,BLS561,,,
VOLKSWAGEN,CABRIO,4cil  2.0 Lt FI,1995-1997,BLS561,AE2962,,
VOLKSWAGEN,CABRIOLET,4cil  1.8Lt FI,1988-1989,BLS561,,,
VOLKSWAGEN,CADDY,1.6 Lt,2003 UP,BLS561,AE2730,,
VOLKSWAGEN,CADDY,1.9 Lt,1998 UP,BLS29,,,
VOLKSWAGEN,ESCARABAJO,1300,1975-1986,,AE2737,,
VOLKSWAGEN,ESCARABAJO,1500,1975-1986,,AE2737,,
VOLKSWAGEN,ESCARABAJO,1600  doble carburador,1974-1978,,AE2737N,,
VOLKSWAGEN,FOX,4cil 1.8Lt,1987-1992,BLS561,,,
VOLKSWAGEN,GOL,Fabricacion Peru,1987,BLS561,AE620,,
VOLKSWAGEN,GOL,AP1600,1985-1994,BLS561,,,
VOLKSWAGEN,GOL,AP1800,1985-1994,BLS561,,,
VOLKSWAGEN,GOL,AP2000,1985-1994,BLS561,AE620,,
VOLKSWAGEN,GOL,1.0 Lt,1995-1996,BLS650,,,
VOLKSWAGEN,GOL,1.0 Lt CFI,1995-1996,BLS561,AE2730,,
VOLKSWAGEN,GOL,1.3Lt VW 1300,1984,BLS561,AE619,,
VOLKSWAGEN,GOL,1.6Lt VW 1600,1984,BLS561,AE619,,
VOLKSWAGEN,GOL,1.6Lt CFI,1995-1996,BLS561,AE620,,
VOLKSWAGEN,GOL,1.6 LT,1997 UP,BLS561,AE2730,,
VOLKSWAGEN,GOL ,1.8 Lt CFI,1995-1996,BLS561,AE620,,
VOLKSWAGEN,GOLF,4cil 1.8Lt,1985-1987,BLS561,,,
VOLKSWAGEN,GOLF,4cil 1.8Lt,1988-1992,BLS561,,,
VOLKSWAGEN,GOLF  ,4cil 1.8Lt,2005-2007,BLS561,,,
VOLKSWAGEN,GOLF  ,4cil 2-0Lt,2001-2007,BLS561,,,
VOLKSWAGEN,GOLF III,4cil 1.9Lt FI,1993-1997,BLS29,AE2962,,
VOLKSWAGEN,GOLF III,4 cil 2.0Lt SOHC,1993-2000,BLS561,AE2962,,
VOLKSWAGEN,GTI,4cil 1.8Lt,1985-1987,BLS561,,,
VOLKSWAGEN,GTI,4cil  2.0Lt FI,1993-1996,BLS561,AE2962,,
VOLKSWAGEN,GTI ,4 cil. 1.8Lt  FI ,1988-1992,BLS561,,,
VOLKSWAGEN,JETTA,4cil  1.7Lt FI,1981-1983,BLS561,,,
VOLKSWAGEN,JETTA,4cil 1.8Lt,1984,BLS561,,,
VOLKSWAGEN,JETTA,1GM Mexico,1985-1991,BLS561,AE621,,
VOLKSWAGEN,JETTA,4cil  1.8Lt FI,1987,BLS561,,,
VOLKSWAGEN,JETTA,4cil  1.8Lt FI,1988-1992,BLS561,,,
VOLKSWAGEN,JETTA,4 cil 1.8Lt FI,2002-2005,BLS561,,,
VOLKSWAGEN,JETTA,4cil 2.0Lt FI,1990-1992,BLS561,,,
VOLKSWAGEN,JETTA,4cil 2.0Lt FI,1993-1997,BLS561,AE2962,,
VOLKSWAGEN,JETTA,4cil 2.0Lt FI,1998-2000,BLS561,,,
VOLKSWAGEN,JETTA,4cil 2.8Lt  FI,1993-1997,BLS561,,,
VOLKSWAGEN,JETTA ,234 Mexico,1985-1991,BLS561,AE621,,
VOLKSWAGEN,JETTA  ,200 Mexico,1985-1991,BLS561,AE621,,
VOLKSWAGEN,KOMBI,1600,1979-1982,BLS561,AE619,,
VOLKSWAGEN,PARATI,2.0Lt,1995-1998,BLS561,AE2730,,
VOLKSWAGEN,PASSAT,BS-08 Fabricacion Peru,1981-1984,BLS561,AE620,,
VOLKSWAGEN,PASSAT,BS-09 Fabricacion Peru,1981-1984,BLS561,AE620,,
VOLKSWAGEN,PASSAT,4cil  FI,1998-1999,BLS561,,,
VOLKSWAGEN,PASSAT,4cil 1.8Lt FI,200-2005,BLS561,,,
VOLKSWAGEN,PASSAT,4cil  2.0Lt,1990-1993,BLS561,,,
VOLKSWAGEN,PASSAT,4cil  2.0Lt FI,1995-1996,BLS561,,,
VOLKSWAGEN,PASSAT,4cil  2.0Lt FI,1997,BLS561,,,
VOLKSWAGEN,PASSAT,AZM 2.0Lt,2000-2005,BLS561,,,
VOLKSWAGEN,PASSAT,ALT 2.0Lt,2001-2005,BLS561,,,
VOLKSWAGEN,POLO,1.4Lt,1994-2001,BLS561,,,
VOLKSWAGEN,POLO,1.6Lt,1994-2001,BLS561,,,
VOLKSWAGEN,POLO,1.6MI ,2001 UP,BLS561,,,
VOLKSWAGEN,POLO,1.8Lt,1995 UP,BLS561,,,
VOLKSWAGEN,QUANTUM,1.6Lt AP CFI,1994-1997,BLS561,AE620,,
VOLKSWAGEN,QUANTUM,1.8Lt AP CFI,1993-1996,BLS561,AE620,,
VOLKSWAGEN,QUANTUM,5 cil  2.2Lt,1985-1988,BLS561,,,
VOLKSWAGEN,QUANTUM,2.0Lt AP EFI,1993-1998,BLS561,,,
VOLKSWAGEN,RABBIT,4cil 1.6Lt FI,1980-1984,BLS561,,,
VOLKSWAGEN,RABBIT,4cil  1.7Lt FI,1980-1983,BLS561,,,
VOLKSWAGEN,RABBIT,4cil 1.8Lt,1983-1984,BLS561,,,
VOLKSWAGEN,SAVERIO,1.5Lt ,1994,BLS561,AE620,,
VOLKSWAGEN,SAVERIO,1.6Lt,1994,BLS561,AE620,,
VOLKSWAGEN,SAVERIO,1.8Lt,1994,BLS561,AE620,,
VOLKSWAGEN,SAVERIO,AE1600,1990-1995,BLS650,,,
VOLKSWAGEN,SAVERIO,AE-1000,1990-1995,BLS650,,,
VOLKSWAGEN,SIROCCO,4cil 1.8Lt,1982-1988,BLS561,,,
VOLKSWAGEN,VENTO,4cil  1.6Lt FI,1994-1998,BLS561,AE2962,,
VOLKSWAGEN,VENTO,4cil 1.8Lt FI,1991-1998,BLS561,AE2962,,
VOLKSWAGEN,VENTO,4cil  2.0Lt FI,1993-1998,BLS561,AE2962,,
VOLVO,240,4cil 2.1Lt,1981-1984,BLS46,,,
VOLVO,240,4cil  2.3Lt FI,1983-1993,BLS46,,,
VOLVO,246,"246, 6 cil. ano 81 - up",1980-1981,BLS29,,,
VOLVO,260,"265, 6 cil. ano 81 - up",1980 UP,BLS46,,,
VOLVO,740,4cil  2.3Lt FI,1985-1992,BLS46,,,
VOLVO,760,4cil  2.3Lt FI,1983-1990,BLS46,,,
VOLVO,850,5cil  2.3Lt FI,1995 UP,BLS46,,,
VOLVO,940,4cil  2.3Lt FI,1991-1996,BLS46,,,
VOLVO,242 DL,4cil,1981-1984,BLS46,,,
VOLVO,242 GL,4cil,1981-1984,BLS46,,,
VOLVO,244 DL,4cil 2.3Lt,1984-1989,BLS46,,,
VOLVO,244 GL,4cil 2.3Lt,1984-1989,BLS46,,,
VOLVO,245 DL,4cil,1982-1983,BLS46,,,
VOLVO,245 DL,6cil FI,1982-1983,BLS29,,,
VOLVO,245 GL,4cil,1982-1983,BLS46,,,
VOLVO,245 GL,6cil FI,1982-1983,BLS29,,,
VOLVO,264 GL,"264, 6 cil. ano 81 - up",1980-1981,BLS29,,,
VOLVO,B-10,TD100  ,1999,BLS38,BAE6886463,BPS8125339,
VOLVO,B10M,THD101,1987 UP,BLS466634 BLS477556,BAE6886463 BAE6886463S,BPS8125339,BLE98
VOLVO,B-10M,TD100  ,1999,BLS38,BAE6886463,BPS8125339,
VOLVO,B12 ,,1994,BLS466634 BLS477556,BAE1544449 BAE1544449S,BPS8125339,
VOLVO,B58,THD101,1987 UP,BLS466634 BLS477556,BAE6886463 BAE6886463S,BPS8125339,BLE98
VOLVO,BM4400,,,BLS38,BAE5544 BAE5544S,BPS8125339,
VOLVO,BM-4400,Cargador Frontal BM-4400,,BLS38,BAE5544 BAE5544S,BPS8125339,
VOLVO,BM4500,,,BLS466634 BLS477556,BAE517 BAE517S,BPS132 BPS8125339,
VOLVO,BM-4500,Cargadores Frontales BM-4500 ,,BLS466634 BLS471392,BAE517 BAE517S,BPS8125339,
VOLVO,CH230,TD120G,1984-1987,,BAE1660375 BAE1660375S,,
VOLVO,Camiones ,Modelos varios,,,BAE2200532,,
VOLVO,F6S,TD60A,1978-1981,,BAE1660602,,
VOLVO,F10,TD100,1992,BLS38,BAE1544428,BPS8125339,BLE98
VOLVO,F10,TD100 ,1977-1985,,BAE1660375 BAE1660375S,,
VOLVO,F10,TD100 0,1977-1985,,BAE1660376 BAE1660376S,,
VOLVO,F10,TD101,1992,BLS38,,BPS8125339,BLE98
VOLVO,F10,TD102,1992,BLS38,,BPS8125339,BLE98
VOLVO,F10,TD-102F,1992-1994,BLS466634,BAE1080918 BAE1080918S,BPS8125339,BLE98 BHE3139 BLS46
VOLVO,F10,TD-103E,1992-1994,BLS466634,BAE1080918 BAE1080918S,BPS8125339,BLE98 BHE3139 BLS46
VOLVO,F10,ES,1992-1994,BLS466634,BAE1080918 BAE1080918S,BPS8125339,BLE98 BHE3139 BLS46
VOLVO,F12,TD100,1992,BLS38,BAE1544428,BPS8125339,BLE98
VOLVO,F12,TD100,1984-1987,,BAE1660375 BAE1660375S,,
VOLVO,F12,TD100 0,1983-1988,,BAE1660376 BAE1660376S,,
VOLVO,F12,TD101,1992,BLS38,,BPS8125339,BLE98
VOLVO,F12,TD102,1992,BLS38,,BPS8125339,BLE98
VOLVO,F12,TD101,,BLS466634,BAE1660376 BAE1660376S,BPS8125339,BAE1586882
VOLVO,F12,TD122,1992-1993,BLS466634,BAE1080918 BAE1080918S,BPS8125339,BLE98 BHE3139 BLS46
VOLVO,F12,TD122,1992-1993,BLS466634,BAE1080918 BAE1080918S,BPS8125339,BLE98 BHE3139 BLS46
VOLVO,F-12,TD122,1994 UP,BLS38,BAE1544428,BPS8125339,BLE98
VOLVO,F1225,TD100,1992,BLS38,BAE1544428,BPS8125339,BLE98
VOLVO,F1225,TD100,1992,BLS38,,BPS8125339,BLE98
VOLVO,F1225,TD101,1992,BLS38,,BPS8125339,BLE98
VOLVO,F1225,TD102,1992,BLS38,,BPS8125339,BLE98
VOLVO,F1233,TD122,,BLS466634,,BPS8125339,BLE98
VOLVO,F4,TD40B,,BLS466634,,BPS8125339,BLE98
VOLVO,F61,TD60A/B,1983,BLS466634,,BPS8125339,BLE98
VOLVO,F610,TD60A/B,1983,BLS466634,,BPS8125339,BLE98
VOLVO,F613,TD60A/B,1983,BLS466634,,BPS8125339,BLE98
VOLVO,F614,TD60A/B,1983,BLS466634,,BPS8125339,BLE98
VOLVO,F616,TD60A/B,1983,BLS466634,,BPS8125339,BLE98
VOLVO,F6S,TD60A,,BLS466634,BAE1660602,BPS8125339,
VOLVO,F6S,TD60A/B/C,,BLS466634,BAE1660602,BPS8125339,
VOLVO,F7,TD70F,1984,BLS466634,BAE1660602,BPS8125339,BHE3139
VOLVO,F7,TD70F,1984,BLS466634,BAE1660602,BPS8125339,BHE3139
VOLVO,F716,TD70F,1984,BLS466634,BAE1660602,BPS8125339,BHE3139
VOLVO,F716,TD70F,1984,BLS466634,BAE1660602,BPS8125339,BHE3139
VOLVO,F720,TD70F,1984,BLS466634,BAE1660602,BPS8125339,BHE3139
VOLVO,F720,TD70F,1984,BLS466634,BAE1660602,BPS8125339,BHE3139
VOLVO,F86,TD100,,BLS38,,BPS8125339,BHE3139
VOLVO,F86,TD100,,BLS38,,BPS8125339,BHE3139
VOLVO,F88,D120,,BLS38,,BPS8125339,
VOLVO,F88,D120,,BLS38,,BPS8125339,
VOLVO,F88,TD120,,BLS38,,BPS8125339,
VOLVO,F89,D120,,BLS38,,BPS8125339,
VOLVO,F89,D120,,BLS38,,BPS8125339,
VOLVO,F89,TD120,,BLS38,,BPS8125339,
VOLVO,FH12,"D12A, D12C",1994 UP,BLS466634,BAE1665898 BAE1665898S,BPS8125339,BLE98 BHE1527
VOLVO,FH12,,,,,BAE21115483 BAE21115483S,
VOLVO,FH16,"DC6, D6E",2003-2008,,,BAE20411815,HWP79812
VOLVO,FH420,D13C,2009 UP,,,BAE21115483 BAE21115483S,
VOLVO,FH460,D13C,2013 UP,,,BAE21115483 BAE21115483S,
VOLVO,FL10,TD102,,,BAE1660600,,
VOLVO,FL12 ,TD122,,BLS466634,BAE1544428,BPS8125339,BHE1527
VOLVO,FL4,TD41,,BLS38,BAE6792554,BPS8125339,
VOLVO,FL6,TD61F,,BLS466634,BAE6792554,BPS8125339,
VOLVO,FL7,"TD71, TD72",,,BAE1660600,,
VOLVO,FL7,D7 0,1991-1993,,BAE16606606,,
VOLVO,FL7,TD72,1991-1993,,BAE16606606,,
VOLVO,FL7,TD73,1991-1993,,BAE1665563,,
VOLVO,FM12,,,,,,BHE1527
VOLVO,G89,D120,,BLS38,,BPS8125339,
VOLVO,G89,D120,,BLS38,,BPS8125339,
VOLVO,G89,TD120,,BLS38,,BPS8125339,
VOLVO,L-120,Cargadores Frontales L-120,,BLS466634 BLS471392,BAE517 BAE517S,BPS8125339,
VOLVO,LM1240,D70B,,BLS38,BAE5544 BAE5544S,BPS132 BPS8125339,
VOLVO,LM-1240,,,BLS38,BAE5544,BPS8125339,
VOLVO,N10,TD101F,,BLS466634,BAE1544449 BAE1544449S,BPS8125339,BLE98
VOLVO,N10,TD121,,BLS466634,BAE1544449 BAE1544449S,BPS8125339 HS204030,BAE1586882
VOLVO,N10,TD101F,,BLS466634,BAE1544449 BAE1544449S,BPS8125339 HS204030,BAE1586882
VOLVO,N88,TD100A,,BLS38,BAE475081 BAE475081S,BPS8125339,
VOLVO,N88,D100A,,BLS38,BAE475081 BAE475081S,BPS8125339,
VOLVO,NH12,D100A,1999 UP,,BAE1665898 BAE1665898S,,
VOLVO,NL12,,,BLS466634,BAE8848 BAE8848S,BPS8125339 HS204030,BAE1586882
VOLVO,S60,5cil  2.4Lt ,2001,BLS46,,,
VOLVO,S70,5cil  2.3Lt FI,1998,BLS46,,,
VOLVO,S70,5cil  2.4Lt ,1998-2000,BLS46,,,
VOLVO,S90,6cil 2.9Lt,1998,BLS46,,,
VOLVO,SEDAN,Doble carburador,Hasta 1988,BLS46,,,
VOLVO,VED 120,Volvo VED 120 ano 2000,2000,BLS466634,BAE8076195,BPS8125339,
VOLVO,WHITE,White ( Americano),,BLS466634,BAE1446,BPS8125339,
VOLVO,WHITE,"White., ano 2000",2000,BLS466634,BAE8076195,BPS8125339,
XINKAI ,CAMIONETA RURAL,,,BLS2865,AE601SR,BPS2330,
XINKAI ,CAMIONETA RURAL,,,BLS2865,BAE511,,
YAMAHA,MOTO,,,,AE32,,
YAMAHA,MOTO,,,,AE32,,
YENGING ,TRACTORES,,,BLE401,,,
YUEJIN,N1062  06TON,YZ410,2012,,BAE568 BAE568S1,,
YUEJIN,N1063  06TON,YZ410,2012,,BAE568 BAE568S1,,
YUEJIN,CAMIONES,,,BLE79E,BAE533,BPE200 BPE201,HWP523P
YUEJIN,CAMIONES,,,BLE79E,BAE502,BPS8125339,HWP523P
YUEJIN,NJ1020,,2009,BLS1100,BAE533,BPS8125339,HWP523P
YUEJIN,NJ1020,,2010,,BAE603,,
YUEJIN,NJ1028,KUMMING  41000BZL,2007,BLS1100,BAE533,BPS8125339,
YUEJIN,NJ1062,4cil  4.1Lt  YZ4105LQ,2008 UP,,BAE502,BPS8125339,
YUEJIN,NJ1063,4cil 4.1Lt YZ4105ZLQ,2008 UP,,BAE502,,
YUEJIN,NJ4250,WEICHAI WD615.44,2007,BLS90541188,,,
YUTONG,BUSES,YUCHAI,2008 up,BLS38,BAE607SR BAE607S,,
YUTONG,BUSES mod. 9m,YUCHAI,,BLS466634,BAE590 BAE590S,,
YUTONG,BUSES,CUMMNIS,008 up,BLS3000,BAE3551818 BAE3551818S,,
YUTONG,BUSES,,2013,,BAE587 BAE587S,,
YUTONG,BUSES,WEICHAI   ,2014,BLS90541188,BAE3551818 BAE3551818S,,
YUTONG,BUSES,WEICHAI,2009 up,BLS16015,BAE512 BAE512S,BPS2007,
ZOTYE,CAMIONETA  ,4cil 1.3Lt,2009 UP,BLS3009,AE600,,
ZOTYE,HUNTER,4cil 1.3Lt  4G-13,2008 UP,BLS3009,AE600,,
ZOTYE,NOMAD,,,BLS51,,,
ZOTYE,NOMAD  ,,2009,BLS3009,,,
ZOTYE,NOMAD 4 x4,1300 cc,,BLS79,AE600,,
HYUNDAI,HD65,D4DDA,2010 up,,BAE1024,,
